Internal ID,Variant_1,Variant_2,color_color_id
383,0,0,1
383,0,0,4
383,1,0,12
383,1,0,2
383,2,0,4
383,2,0,2
383,3,0,3
383,3,0,2
383,4,0,13
383,4,0,2
383,5,0,2
383,5,0,2
383,6,0,10
383,6,0,13
3821,0,0,13
3821,0,0,13
3821,1,0,2
3821,1,0,6
3821,2,0,10
3821,2,0,10
3821,3,0,7
3821,3,0,6
3821,4,0,14
3821,4,0,6
846,0,0,14
846,0,0,14
1317,0,0,5
1317,0,0,1
7238,0,0,2
7238,0,0,1
7238,1,0,6
7238,1,0,1
7238,2,0,4
7238,2,0,1
7238,3,0,13
7238,3,0,1
7238,4,0,3
7238,4,0,13
7238,5,0,4
7238,5,0,6
7867,0,0,1
7867,0,0,4
7867,1,0,1
7867,1,0,4
7867,2,0,1
7867,2,0,4
7867,3,0,1
7867,3,0,4
7867,4,0,1
7867,4,0,4
7867,5,0,1
7867,5,0,4
7867,6,0,1
7867,6,0,4
7867,7,0,1
7867,7,0,4
3957,0,0,4
3957,0,0,13
3957,1,0,1
3957,1,0,13
3957,2,0,2
3957,2,0,13
3956,0,0,4
3956,0,0,4
3956,1,0,1
3956,1,0,1
3956,2,0,2
3956,2,0,2
3950,0,0,4
3950,0,0,13
3950,1,0,1
3950,1,0,13
3950,2,0,2
3950,2,0,13
3954,0,0,4
3954,0,0,14
3954,1,0,1
3954,1,0,14
3954,2,0,2
3954,2,0,14
3951,0,0,4
3951,0,0,4
3951,1,0,1
3951,1,0,1
3951,2,0,2
3951,2,0,2
3958,0,0,4
3958,0,0,13
3958,1,0,1
3958,1,0,13
3958,2,0,2
3958,2,0,13
3952,0,0,4
3952,0,0,4
3952,1,0,1
3952,1,0,1
3952,2,0,2
3952,2,0,2
3955,0,0,4
3955,0,0,8
3955,1,0,1
3955,1,0,8
3955,2,0,2
3955,2,0,8
3959,0,0,4
3959,0,0,4
3959,1,0,1
3959,1,0,1
3959,2,0,2
3959,2,0,2
4134,0,0,12
4134,0,0,14
4134,1,0,7
4134,1,0,14
5956,0,0,13
5956,0,0,14
8226,0,0,13
8226,0,0,3
8225,0,0,13
8225,0,0,12
8227,0,0,13
8227,0,0,7
12207,0,0,12
12207,0,0,6
12207,1,0,6
12207,1,0,6
12207,2,0,3
12207,2,0,6
5954,0,0,13
5954,0,0,14
7839,0,0,4
7839,0,0,4
1439,0,0,2
1439,0,0,2
1445,0,0,13
1445,0,0,2
2740,0,0,13
2740,0,0,13
2740,1,0,12
2740,1,0,13
2740,2,0,3
2740,2,0,13
2740,3,0,7
2740,3,0,13
2740,4,0,14
2740,4,0,13
2740,5,0,2
2740,5,0,2
3305,0,0,12
3305,0,0,5
3305,0,1,12
3305,0,1,5
3305,0,2,12
3305,0,2,9
3305,0,3,12
3305,0,3,5
3305,0,4,12
3305,0,4,5
3305,1,0,10
3305,1,0,5
3305,1,1,10
3305,1,1,5
3305,1,2,10
3305,1,2,9
3305,1,3,10
3305,1,3,5
3305,1,4,10
3305,1,4,5
3305,2,0,14
3305,2,0,5
3305,2,1,14
3305,2,1,5
3305,2,2,14
3305,2,2,9
3305,2,3,14
3305,2,3,5
3305,2,4,14
3305,2,4,5
3305,3,0,7
3305,3,0,5
3305,3,1,7
3305,3,1,5
3305,3,2,7
3305,3,2,9
3305,3,3,7
3305,3,3,5
3305,3,4,7
3305,3,4,5
3305,4,0,3
3305,4,0,5
3305,4,1,3
3305,4,1,5
3305,4,2,3
3305,4,2,9
3305,4,3,3
3305,4,3,5
3305,4,4,3
3305,4,4,5
3305,5,0,13
3305,5,0,5
3305,5,1,13
3305,5,1,5
3305,5,2,13
3305,5,2,9
3305,5,3,13
3305,5,3,5
3305,5,4,13
3305,5,4,5
3305,6,0,2
3305,6,0,5
3305,6,1,2
3305,6,1,5
3305,6,2,2
3305,6,2,9
3305,6,3,2
3305,6,3,5
3305,6,4,2
3305,6,4,5
3658,0,0,7
3658,0,0,7
3658,1,0,1
3658,1,0,14
3658,2,0,4
3658,2,0,7
710,0,0,7
710,0,0,7
710,1,0,14
710,1,0,14
710,2,0,4
710,2,0,4
3555,0,0,7
3555,0,0,7
3557,0,0,7
3557,0,0,7
3557,1,0,14
3557,1,0,14
3557,2,0,4
3557,2,0,4
5979,0,0,7
5979,0,0,4
3553,0,0,7
3553,0,0,13
3553,1,0,14
3553,1,0,13
3553,2,0,4
3553,2,0,6
3551,0,0,7
3551,0,0,13
3551,1,0,14
3551,1,0,11
3551,2,0,4
3551,2,0,6
10743,0,0,7
10743,0,0,1
10743,1,0,14
10743,1,0,1
10743,2,0,4
10743,2,0,1
10742,0,0,7
10742,0,0,7
10742,1,0,14
10742,1,0,14
10742,2,0,4
10742,2,0,4
3556,0,0,7
3556,0,0,2
3556,1,0,14
3556,1,0,1
3556,2,0,4
3556,2,0,2
330,0,0,12
330,0,0,5
330,1,0,14
330,1,0,5
330,2,0,7
330,2,0,5
330,3,0,13
330,3,0,5
330,4,0,2
330,4,0,5
4078,0,0,2
4078,0,0,6
4078,1,0,13
4078,1,0,6
4078,2,0,12
4078,2,0,6
4078,3,0,5
4078,3,0,6
1266,0,0,4
1266,0,0,2
1330,0,0,9
1330,0,0,6
1330,1,0,14
1330,1,0,14
1330,2,0,13
1330,2,0,2
4226,0,0,3
4226,0,0,13
4226,1,0,7
4226,1,0,13
4226,2,0,2
4226,2,0,13
1229,0,0,13
1229,0,0,13
1229,1,0,2
1229,1,0,13
1229,2,0,13
1229,2,0,4
664,0,0,13
664,0,0,13
664,1,0,2
664,1,0,2
664,2,0,3
664,2,0,8
664,3,0,9
664,3,0,13
664,4,0,14
664,4,0,7
664,5,0,10
664,5,0,11
3468,0,0,8
3468,0,0,5
3468,0,1,12
3468,0,1,13
3468,0,2,14
3468,0,2,12
3468,0,3,10
3468,0,3,10
3468,0,4,3
3468,0,4,3
3468,0,5,14
3468,0,5,14
3468,0,6,13
3468,0,6,13
3406,0,0,1
3406,0,0,1
3406,1,0,13
3406,1,0,13
3406,2,0,12
3406,2,0,7
3406,3,0,3
3406,3,0,2
3406,4,0,14
3406,4,0,4
4098,0,0,13
4098,0,0,13
3966,0,0,7
3966,0,0,5
3966,1,0,3
3966,1,0,3
3966,2,0,7
3966,2,0,12
3966,3,0,10
3966,3,0,10
3966,4,0,7
3966,4,0,14
3966,5,0,13
3966,5,0,6
863,0,0,7
863,0,0,9
863,1,0,12
863,1,0,14
863,2,0,3
863,2,0,4
331,0,0,4
331,0,0,4
331,1,0,9
331,1,0,9
331,2,0,13
331,2,0,13
331,3,0,2
331,3,0,2
865,0,0,4
865,0,0,14
865,1,0,10
865,1,0,14
865,2,0,3
865,2,0,7
865,3,0,13
865,3,0,13
865,4,0,2
865,4,0,13
333,0,0,4
333,0,0,14
333,1,0,4
333,1,0,4
333,2,0,4
333,2,0,13
333,3,0,12
333,3,0,14
333,4,0,3
333,4,0,3
333,5,0,13
333,5,0,13
3594,0,0,5
3594,0,0,5
3594,1,0,5
3594,1,0,10
3594,2,0,5
3594,2,0,3
3594,3,0,5
3594,3,0,7
3594,4,0,5
3594,4,0,9
3594,5,0,5
3594,5,0,6
3593,0,0,13
3593,0,0,5
3593,1,0,10
3593,1,0,5
3593,2,0,8
3593,2,0,5
3593,3,0,7
3593,3,0,5
3593,4,0,9
3593,4,0,5
3593,5,0,6
3593,5,0,5
6831,0,0,4
6831,0,0,10
6831,1,0,1
6831,1,0,10
7150,0,0,13
7150,0,0,7
7150,0,1,13
7150,0,1,12
7150,0,2,13
7150,0,2,3
7150,0,3,13
7150,0,3,2
7150,0,4,13
7150,0,4,14
1430,0,0,4
1430,0,0,4
3580,0,0,7
3580,0,0,4
1853,0,0,8
1853,0,0,2
1853,1,0,10
1853,1,0,2
1853,2,0,9
1853,2,0,2
1853,3,0,3
1853,3,0,2
1853,4,0,14
1853,4,0,2
1853,5,0,10
1853,5,0,2
1853,6,0,13
1853,6,0,2
1853,7,0,2
1853,7,0,2
1852,0,0,8
1852,0,0,2
1852,1,0,10
1852,1,0,2
1852,2,0,9
1852,2,0,2
1852,3,0,3
1852,3,0,2
1852,4,0,14
1852,4,0,2
1852,5,0,10
1852,5,0,2
1852,6,0,13
1852,6,0,2
1852,7,0,2
1852,7,0,2
12370,0,0,5
12370,0,0,5
1157,0,0,12
1157,0,0,6
1157,1,0,4
1157,1,0,6
1157,2,0,13
1157,2,0,2
1157,3,0,2
1157,3,0,6
3776,0,0,9
3776,0,0,4
3776,1,0,13
3776,1,0,12
3776,2,0,6
3776,2,0,6
8298,0,0,6
8298,0,0,13
8298,0,1,6
8298,0,1,3
8298,0,2,6
8298,0,2,10
8298,0,3,6
8298,0,3,8
8298,0,4,6
8298,0,4,14
8298,1,0,2
8298,1,0,13
8298,1,1,2
8298,1,1,3
8298,1,2,2
8298,1,2,10
8298,1,3,2
8298,1,3,8
8298,1,4,2
8298,1,4,14
8298,2,0,13
8298,2,0,13
8298,2,1,13
8298,2,1,3
8298,2,2,13
8298,2,2,10
8298,2,3,13
8298,2,3,8
8298,2,4,13
8298,2,4,14
8298,3,0,12
8298,3,0,13
8298,3,1,12
8298,3,1,3
8298,3,2,12
8298,3,2,10
8298,3,3,12
8298,3,3,8
8298,3,4,12
8298,3,4,14
8298,4,0,3
8298,4,0,13
8298,4,1,3
8298,4,1,3
8298,4,2,3
8298,4,2,10
8298,4,3,3
8298,4,3,8
8298,4,4,3
8298,4,4,14
8298,5,0,14
8298,5,0,13
8298,5,1,14
8298,5,1,3
8298,5,2,14
8298,5,2,10
8298,5,3,14
8298,5,3,8
8298,5,4,14
8298,5,4,14
8298,6,0,10
8298,6,0,13
8298,6,1,10
8298,6,1,3
8298,6,2,10
8298,6,2,10
8298,6,3,10
8298,6,3,8
8298,6,4,10
8298,6,4,14
12398,0,0,5
12398,0,0,5
12414,0,0,5
12414,0,0,5
12421,0,0,5
12421,0,0,5
12419,0,0,5
12419,0,0,5
12415,0,0,11
12415,0,0,5
12436,0,0,12
12436,0,0,10
12420,0,0,7
12420,0,0,7
12437,0,0,14
12437,0,0,5
7805,0,0,4
7805,0,0,2
7805,1,0,14
7805,1,0,2
1277,0,0,7
1277,0,0,4
1429,0,0,4
1429,0,0,4
1433,0,0,4
1433,0,0,2
4081,0,0,7
4081,0,0,7
4081,1,0,14
4081,1,0,14
4081,2,0,12
4081,2,0,12
4081,3,0,3
4081,3,0,3
4081,4,0,6
4081,4,0,2
4081,5,0,7
4081,5,0,4
4081,6,0,13
4081,6,0,13
4081,7,0,8
4081,7,0,14
12374,0,0,4
12374,0,0,5
5959,0,0,14
5959,0,0,13
7392,0,0,12
7392,0,0,5
7392,1,0,3
7392,1,0,5
7392,2,0,14
7392,2,0,5
7392,3,0,10
7392,3,0,5
5957,0,0,13
5957,0,0,14
7161,0,0,14
7161,0,0,14
7161,1,0,14
7161,1,0,14
7163,0,0,1
7163,0,0,1
7163,1,0,1
7163,1,0,1
7159,0,0,1
7159,0,0,1
7159,1,0,13
7159,1,0,1
7160,0,0,14
7160,0,0,14
7160,1,0,14
7160,1,0,13
896,0,0,1
896,0,0,1
896,1,0,4
896,1,0,1
896,2,0,3
896,2,0,1
896,3,0,6
896,3,0,14
896,4,0,10
896,4,0,8
896,5,0,13
896,5,0,1
1449,0,0,4
1449,0,0,4
1449,1,0,13
1449,1,0,13
1449,2,0,2
1449,2,0,2
2012,0,0,7
2012,0,0,6
2012,1,0,7
2012,1,0,6
2012,2,0,7
2012,2,0,6
2012,3,0,7
2012,3,0,6
2012,4,0,7
2012,4,0,6
2012,5,0,7
2012,5,0,6
2012,6,0,7
2012,6,0,6
7264,0,0,12
7264,0,0,14
7264,1,0,3
7264,1,0,14
7264,2,0,7
7264,2,0,14
7264,3,0,2
7264,3,0,14
1816,0,0,13
1816,0,0,13
1816,0,1,13
1816,0,1,11
1816,0,2,13
1816,0,2,2
1816,0,3,13
1816,0,3,14
1816,0,4,13
1816,0,4,10
1816,0,5,13
1816,0,5,12
1816,0,6,13
1816,0,6,7
1816,0,7,13
1816,0,7,8
1816,1,0,14
1816,1,0,13
1816,1,1,14
1816,1,1,11
1816,1,2,14
1816,1,2,2
1816,1,3,14
1816,1,3,14
1816,1,4,14
1816,1,4,10
1816,1,5,14
1816,1,5,12
1816,1,6,14
1816,1,6,7
1816,1,7,14
1816,1,7,8
1816,2,0,9
1816,2,0,13
1816,2,1,9
1816,2,1,11
1816,2,2,9
1816,2,2,2
1816,2,3,9
1816,2,3,14
1816,2,4,9
1816,2,4,10
1816,2,5,9
1816,2,5,12
1816,2,6,9
1816,2,6,7
1816,2,7,9
1816,2,7,8
1816,3,0,4
1816,3,0,13
1816,3,1,4
1816,3,1,11
1816,3,2,4
1816,3,2,2
1816,3,3,4
1816,3,3,14
1816,3,4,4
1816,3,4,10
1816,3,5,4
1816,3,5,12
1816,3,6,4
1816,3,6,7
1816,3,7,4
1816,3,7,8
1816,4,0,2
1816,4,0,13
1816,4,1,2
1816,4,1,11
1816,4,2,2
1816,4,2,2
1816,4,3,2
1816,4,3,14
1816,4,4,2
1816,4,4,10
1816,4,5,2
1816,4,5,12
1816,4,6,2
1816,4,6,7
1816,4,7,2
1816,4,7,8
1816,5,0,3
1816,5,0,13
1816,5,1,3
1816,5,1,11
1816,5,2,3
1816,5,2,2
1816,5,3,3
1816,5,3,14
1816,5,4,3
1816,5,4,10
1816,5,5,3
1816,5,5,12
1816,5,6,3
1816,5,6,7
1816,5,7,3
1816,5,7,8
1816,6,0,10
1816,6,0,13
1816,6,1,10
1816,6,1,11
1816,6,2,10
1816,6,2,2
1816,6,3,10
1816,6,3,14
1816,6,4,10
1816,6,4,10
1816,6,5,10
1816,6,5,12
1816,6,6,10
1816,6,6,7
1816,6,7,10
1816,6,7,8
1816,7,0,8
1816,7,0,13
1816,7,1,8
1816,7,1,11
1816,7,2,8
1816,7,2,2
1816,7,3,8
1816,7,3,14
1816,7,4,8
1816,7,4,10
1816,7,5,8
1816,7,5,12
1816,7,6,8
1816,7,6,7
1816,7,7,8
1816,7,7,8
6031,0,0,10
6031,0,0,2
7409,0,0,6
7409,0,0,10
6032,0,0,10
6032,0,0,10
80,0,0,1
80,0,0,4
80,1,0,14
80,1,0,5
80,2,0,12
80,2,0,14
80,3,0,2
80,3,0,12
80,4,0,14
80,4,0,8
80,5,0,10
80,5,0,11
1757,0,0,13
1757,0,0,13
1757,1,0,2
1757,1,0,13
1757,2,0,12
1757,2,0,13
1757,3,0,8
1757,3,0,13
1757,4,0,10
1757,4,0,13
1757,5,0,14
1757,5,0,13
717,0,0,1
717,0,0,4
4006,0,0,1
4006,0,0,5
4006,1,0,10
4006,1,0,5
4006,2,0,8
4006,2,0,5
4006,3,0,13
4006,3,0,5
9502,0,0,1
9502,0,0,1
9502,1,0,2
9502,1,0,2
9502,2,0,9
9502,2,0,9
9502,3,0,3
9502,3,0,3
9502,4,0,10
9502,4,0,10
9502,5,0,7
9502,5,0,7
3229,0,0,4
3229,0,0,13
3229,0,1,4
3229,0,1,1
3229,0,2,4
3229,0,2,3
3229,0,3,4
3229,0,3,12
3229,0,4,4
3229,0,4,7
1778,0,0,6
1778,0,0,13
1778,0,1,6
1778,0,1,1
1778,0,2,6
1778,0,2,8
1778,0,3,6
1778,0,3,14
1778,1,0,8
1778,1,0,13
1778,1,1,8
1778,1,1,1
1778,1,2,8
1778,1,2,8
1778,1,3,8
1778,1,3,14
1112,0,0,5
1112,0,0,5
1112,1,0,3
1112,1,0,13
1112,2,0,11
1112,2,0,14
1112,3,0,12
1112,3,0,2
1112,4,0,5
1112,4,0,5
146,0,0,12
146,0,0,12
146,1,0,3
146,1,0,3
146,2,0,14
146,2,0,14
146,3,0,13
146,3,0,13
146,4,0,12
146,4,0,13
146,5,0,7
146,5,0,13
146,6,0,12
146,6,0,13
146,7,0,14
146,7,0,2
9568,0,0,13
9568,0,0,3
9568,1,0,13
9568,1,0,3
9568,2,0,13
9568,2,0,3
9568,3,0,3
9568,3,0,13
9568,4,0,9
9568,4,0,2
7230,0,0,10
7230,0,0,7
7230,1,0,12
7230,1,0,7
7230,2,0,13
7230,2,0,7
4412,0,0,10
4412,0,0,12
4412,1,0,13
4412,1,0,3
4412,2,0,2
4412,2,0,4
6829,0,0,14
6829,0,0,14
6829,1,0,7
6829,1,0,14
6829,2,0,8
6829,2,0,14
6829,3,0,11
6829,3,0,14
6829,4,0,10
6829,4,0,14
6829,5,0,9
6829,5,0,14
6829,6,0,13
6829,6,0,6
5676,0,0,13
5676,0,0,2
3624,0,0,13
3624,0,0,10
3624,1,0,8
3624,1,0,13
3624,2,0,14
3624,2,0,9
3624,3,0,12
3624,3,0,12
3624,4,0,3
3624,4,0,2
3999,0,0,13
3999,0,0,10
3999,1,0,8
3999,1,0,3
3999,2,0,14
3999,2,0,9
3999,3,0,12
3999,3,0,13
3999,4,0,3
3999,4,0,2
3995,0,0,13
3995,0,0,10
3995,1,0,8
3995,1,0,3
3995,2,0,14
3995,2,0,9
3995,3,0,12
3995,3,0,12
3995,4,0,3
3995,4,0,2
4002,0,0,13
4002,0,0,10
4002,1,0,8
4002,1,0,3
4002,2,0,14
4002,2,0,11
4002,3,0,12
4002,3,0,13
4002,4,0,3
4002,4,0,2
3998,0,0,13
3998,0,0,10
3998,1,0,8
3998,1,0,3
3998,2,0,14
3998,2,0,9
3998,3,0,12
3998,3,0,13
3998,4,0,3
3998,4,0,2
4000,0,0,13
4000,0,0,10
4000,1,0,8
4000,1,0,13
4000,2,0,14
4000,2,0,13
4000,3,0,12
4000,3,0,13
4000,4,0,3
4000,4,0,11
4001,0,0,13
4001,0,0,10
4001,1,0,8
4001,1,0,3
4001,2,0,14
4001,2,0,9
4001,3,0,12
4001,3,0,13
4001,4,0,3
4001,4,0,2
3997,0,0,13
3997,0,0,10
3997,1,0,8
3997,1,0,3
3997,2,0,14
3997,2,0,9
3997,3,0,12
3997,3,0,13
3997,4,0,3
3997,4,0,13
7153,0,0,1
7153,0,0,1
7153,1,0,14
7153,1,0,14
7153,2,0,4
7153,2,0,4
1829,0,0,7
1829,0,0,4
1829,1,0,7
1829,1,0,8
1829,2,0,7
1829,2,0,14
1829,3,0,7
1829,3,0,2
1829,4,0,7
1829,4,0,13
937,0,0,2
937,0,0,5
677,0,0,7
677,0,0,6
677,1,0,1
677,1,0,4
677,2,0,4
677,2,0,2
1227,0,0,13
1227,0,0,13
1227,1,0,2
1227,1,0,2
1227,2,0,3
1227,2,0,3
1227,3,0,12
1227,3,0,12
1227,4,0,14
1227,4,0,14
1227,5,0,10
1227,5,0,10
3784,0,0,2
3784,0,0,2
3784,1,0,13
3784,1,0,13
3784,2,0,9
3784,2,0,9
3784,3,0,4
3784,3,0,4
3784,4,0,7
3784,4,0,7
3784,5,0,12
3784,5,0,12
3783,0,0,4
3783,0,0,4
3783,1,0,9
3783,1,0,9
3783,2,0,4
3783,2,0,4
3783,3,0,1
3783,3,0,1
3783,4,0,13
3783,4,0,13
4309,0,0,9
4309,0,0,9
4309,1,0,13
4309,1,0,13
4309,2,0,2
4309,2,0,2
4309,3,0,5
4309,3,0,4
4309,4,0,3
4309,4,0,8
4309,5,0,1
4309,5,0,1
3307,0,0,13
3307,0,0,13
3307,0,1,13
3307,0,1,12
3307,0,2,13
3307,0,2,7
3307,0,3,13
3307,0,3,6
3307,0,4,13
3307,0,4,14
3307,1,0,2
3307,1,0,13
3307,1,1,2
3307,1,1,12
3307,1,2,2
3307,1,2,7
3307,1,3,2
3307,1,3,6
3307,1,4,2
3307,1,4,14
3307,2,0,12
3307,2,0,13
3307,2,1,12
3307,2,1,12
3307,2,2,12
3307,2,2,7
3307,2,3,12
3307,2,3,6
3307,2,4,12
3307,2,4,14
3307,3,0,3
3307,3,0,13
3307,3,1,3
3307,3,1,12
3307,3,2,3
3307,3,2,7
3307,3,3,3
3307,3,3,6
3307,3,4,3
3307,3,4,14
3307,4,0,14
3307,4,0,13
3307,4,1,14
3307,4,1,12
3307,4,2,14
3307,4,2,7
3307,4,3,14
3307,4,3,6
3307,4,4,14
3307,4,4,14
3307,5,0,7
3307,5,0,13
3307,5,1,7
3307,5,1,12
3307,5,2,7
3307,5,2,7
3307,5,3,7
3307,5,3,6
3307,5,4,7
3307,5,4,14
3307,6,0,4
3307,6,0,13
3307,6,1,4
3307,6,1,12
3307,6,2,4
3307,6,2,7
3307,6,3,4
3307,6,3,6
3307,6,4,4
3307,6,4,14
4137,0,0,12
4137,0,0,13
4137,1,0,3
4137,1,0,13
4137,2,0,14
4137,2,0,13
4137,3,0,7
4137,3,0,13
4137,4,0,10
4137,4,0,13
4137,5,0,1
4137,5,0,13
4137,6,0,2
4137,6,0,13
4138,0,0,6
4138,0,0,12
4138,1,0,6
4138,1,0,3
4138,2,0,6
4138,2,0,14
4138,3,0,6
4138,3,0,8
4138,4,0,6
4138,4,0,10
4138,5,0,6
4138,5,0,13
4138,6,0,6
4138,6,0,2
4139,0,0,12
4139,0,0,6
4139,1,0,3
4139,1,0,6
4139,2,0,14
4139,2,0,6
4139,3,0,7
4139,3,0,6
4139,4,0,10
4139,4,0,6
4139,5,0,1
4139,5,0,6
4139,6,0,2
4139,6,0,6
4142,0,0,6
4142,0,0,12
4142,1,0,6
4142,1,0,3
4142,2,0,6
4142,2,0,14
4142,3,0,6
4142,3,0,8
4142,4,0,6
4142,4,0,10
4142,5,0,6
4142,5,0,13
4142,6,0,6
4142,6,0,2
4441,0,0,6
4441,0,0,12
4441,1,0,6
4441,1,0,3
4441,2,0,6
4441,2,0,14
4441,3,0,6
4441,3,0,8
4441,4,0,6
4441,4,0,10
4441,5,0,6
4441,5,0,13
4441,6,0,6
4441,6,0,2
4143,0,0,3
4143,0,0,12
4143,1,0,14
4143,1,0,9
4143,2,0,12
4143,2,0,7
4143,3,0,10
4143,3,0,11
4143,4,0,12
4143,4,0,3
4141,0,0,12
4141,0,0,13
4141,1,0,3
4141,1,0,13
4141,2,0,14
4141,2,0,13
4141,3,0,7
4141,3,0,13
4141,4,0,10
4141,4,0,13
4141,5,0,1
4141,5,0,13
4141,6,0,2
4141,6,0,13
2020,0,0,9
2020,0,0,13
2020,0,1,9
2020,0,1,2
2020,0,2,9
2020,0,2,4
2020,1,0,4
2020,1,0,13
2020,1,1,4
2020,1,1,2
2020,1,2,4
2020,1,2,4
2020,2,0,13
2020,2,0,13
2020,2,1,13
2020,2,1,2
2020,2,2,13
2020,2,2,4
2020,3,0,2
2020,3,0,13
2020,3,1,2
2020,3,1,2
2020,3,2,2
2020,3,2,4
1241,0,0,1
1241,0,0,5
1241,1,0,4
1241,1,0,5
1241,2,0,4
1241,2,0,5
1241,3,0,2
1241,3,0,5
1241,4,0,13
1241,4,0,5
1241,5,0,8
1241,5,0,5
1241,6,0,14
1241,6,0,5
1241,7,0,12
1241,7,0,5
941,0,0,2
941,0,0,6
941,0,1,2
941,0,1,2
941,0,2,2
941,0,2,13
941,0,3,2
941,0,3,11
941,0,4,2
941,0,4,7
941,0,5,2
941,0,5,8
941,0,6,2
941,0,6,14
941,0,7,2
941,0,7,10
941,1,0,13
941,1,0,6
941,1,1,13
941,1,1,2
941,1,2,13
941,1,2,13
941,1,3,13
941,1,3,11
941,1,4,13
941,1,4,7
941,1,5,13
941,1,5,8
941,1,6,13
941,1,6,14
941,1,7,13
941,1,7,10
941,2,0,9
941,2,0,6
941,2,1,9
941,2,1,2
941,2,2,9
941,2,2,13
941,2,3,9
941,2,3,11
941,2,4,9
941,2,4,7
941,2,5,9
941,2,5,8
941,2,6,9
941,2,6,14
941,2,7,9
941,2,7,10
941,3,0,10
941,3,0,6
941,3,1,10
941,3,1,2
941,3,2,10
941,3,2,13
941,3,3,10
941,3,3,11
941,3,4,10
941,3,4,7
941,3,5,10
941,3,5,8
941,3,6,10
941,3,6,14
941,3,7,10
941,3,7,10
1799,0,0,4
1799,0,0,4
1799,1,0,7
1799,1,0,4
1799,2,0,3
1799,2,0,4
1799,3,0,12
1799,3,0,13
1799,4,0,2
1799,4,0,8
2554,0,0,12
2554,0,0,12
2554,1,0,14
2554,1,0,14
2554,2,0,7
2554,2,0,7
2554,3,0,3
2554,3,0,3
2554,4,0,13
2554,4,0,13
2554,5,0,9
2554,5,0,9
2554,6,0,4
2554,6,0,4
2554,7,0,2
2554,7,0,2
4109,0,0,6
4109,0,0,6
4109,1,0,13
4109,1,0,6
4109,2,0,2
4109,2,0,6
4109,3,0,12
4109,3,0,6
1802,0,0,12
1802,0,0,9
1802,0,1,12
1802,0,1,8
1802,0,2,12
1802,0,2,7
1802,0,3,12
1802,0,3,13
1802,1,0,3
1802,1,0,9
1802,1,1,3
1802,1,1,8
1802,1,2,3
1802,1,2,7
1802,1,3,3
1802,1,3,13
1802,2,0,13
1802,2,0,9
1802,2,1,13
1802,2,1,8
1802,2,2,13
1802,2,2,7
1802,2,3,13
1802,2,3,13
1802,3,0,4
1802,3,0,9
1802,3,1,4
1802,3,1,8
1802,3,2,4
1802,3,2,7
1802,3,3,4
1802,3,3,13
1802,4,0,7
1802,4,0,9
1802,4,1,7
1802,4,1,8
1802,4,2,7
1802,4,2,7
1802,4,3,7
1802,4,3,13
1802,5,0,10
1802,5,0,9
1802,5,1,10
1802,5,1,8
1802,5,2,10
1802,5,2,7
1802,5,3,10
1802,5,3,13
2319,0,0,1
2319,0,0,1
2319,1,0,6
2319,1,0,6
2319,2,0,4
2319,2,0,4
2319,3,0,2
2319,3,0,2
1803,0,0,9
1803,0,0,13
1803,0,1,9
1803,0,1,2
1803,0,2,9
1803,0,2,2
1803,0,3,9
1803,0,3,13
1803,0,4,9
1803,0,4,2
1803,0,5,9
1803,0,5,1
1803,1,0,2
1803,1,0,13
1803,1,1,2
1803,1,1,2
1803,1,2,2
1803,1,2,2
1803,1,3,2
1803,1,3,13
1803,1,4,2
1803,1,4,2
1803,1,5,2
1803,1,5,1
1803,2,0,13
1803,2,0,13
1803,2,1,13
1803,2,1,2
1803,2,2,13
1803,2,2,2
1803,2,3,13
1803,2,3,13
1803,2,4,13
1803,2,4,2
1803,2,5,13
1803,2,5,1
1803,3,0,4
1803,3,0,13
1803,3,1,4
1803,3,1,2
1803,3,2,4
1803,3,2,2
1803,3,3,4
1803,3,3,13
1803,3,4,4
1803,3,4,2
1803,3,5,4
1803,3,5,1
1803,4,0,3
1803,4,0,13
1803,4,1,3
1803,4,1,2
1803,4,2,3
1803,4,2,2
1803,4,3,3
1803,4,3,13
1803,4,4,3
1803,4,4,2
1803,4,5,3
1803,4,5,1
1803,5,0,12
1803,5,0,13
1803,5,1,12
1803,5,1,2
1803,5,2,12
1803,5,2,2
1803,5,3,12
1803,5,3,13
1803,5,4,12
1803,5,4,2
1803,5,5,12
1803,5,5,1
1803,6,0,7
1803,6,0,13
1803,6,1,7
1803,6,1,2
1803,6,2,7
1803,6,2,2
1803,6,3,7
1803,6,3,13
1803,6,4,7
1803,6,4,2
1803,6,5,7
1803,6,5,1
1803,7,0,6
1803,7,0,13
1803,7,1,6
1803,7,1,2
1803,7,2,6
1803,7,2,2
1803,7,3,6
1803,7,3,13
1803,7,4,6
1803,7,4,2
1803,7,5,6
1803,7,5,1
7789,0,0,6
7789,0,0,5
7789,1,0,1
7789,1,0,5
7789,2,0,2
7789,2,0,5
7789,3,0,13
7789,3,0,5
950,0,0,2
950,0,0,2
950,0,1,2
950,0,1,13
950,0,2,2
950,0,2,13
950,0,3,2
950,0,3,11
950,0,4,2
950,0,4,7
950,0,5,2
950,0,5,8
950,0,6,2
950,0,6,12
950,0,7,2
950,0,7,10
950,1,0,13
950,1,0,2
950,1,1,13
950,1,1,13
950,1,2,13
950,1,2,13
950,1,3,13
950,1,3,11
950,1,4,13
950,1,4,7
950,1,5,13
950,1,5,8
950,1,6,13
950,1,6,12
950,1,7,13
950,1,7,10
950,2,0,14
950,2,0,2
950,2,1,14
950,2,1,13
950,2,2,14
950,2,2,13
950,2,3,14
950,2,3,11
950,2,4,14
950,2,4,7
950,2,5,14
950,2,5,8
950,2,6,14
950,2,6,12
950,2,7,14
950,2,7,10
950,3,0,3
950,3,0,2
950,3,1,3
950,3,1,13
950,3,2,3
950,3,2,13
950,3,3,3
950,3,3,11
950,3,4,3
950,3,4,7
950,3,5,3
950,3,5,8
950,3,6,3
950,3,6,12
950,3,7,3
950,3,7,10
950,4,0,12
950,4,0,2
950,4,1,12
950,4,1,13
950,4,2,12
950,4,2,13
950,4,3,12
950,4,3,11
950,4,4,12
950,4,4,7
950,4,5,12
950,4,5,8
950,4,6,12
950,4,6,12
950,4,7,12
950,4,7,10
950,5,0,10
950,5,0,2
950,5,1,10
950,5,1,13
950,5,2,10
950,5,2,13
950,5,3,10
950,5,3,11
950,5,4,10
950,5,4,7
950,5,5,10
950,5,5,8
950,5,6,10
950,5,6,12
950,5,7,10
950,5,7,10
7865,0,0,12
7865,0,0,2
7865,1,0,8
7865,1,0,13
7865,2,0,11
7865,2,0,2
7865,3,0,10
7865,3,0,13
7865,4,0,7
7865,4,0,2
1804,0,0,13
1804,0,0,4
1804,1,0,1
1804,1,0,2
1804,2,0,9
1804,2,0,4
1804,3,0,2
1804,3,0,13
1804,4,0,3
1804,4,0,8
1804,5,0,7
1804,5,0,2
1804,6,0,10
1804,6,0,10
1804,7,0,6
1804,7,0,2
1645,0,0,12
1645,0,0,12
1645,0,1,12
1645,0,1,2
1645,0,2,12
1645,0,2,13
1645,0,3,12
1645,0,3,11
1645,0,4,12
1645,0,4,7
1645,0,5,12
1645,0,5,8
1645,0,6,12
1645,0,6,5
1645,0,7,12
1645,0,7,10
1645,1,0,1
1645,1,0,1
1645,1,1,1
1645,1,1,2
1645,1,2,1
1645,1,2,13
1645,1,3,1
1645,1,3,11
1645,1,4,1
1645,1,4,7
1645,1,5,1
1645,1,5,8
1645,1,6,1
1645,1,6,5
1645,1,7,1
1645,1,7,10
1645,2,0,12
1645,2,0,9
1645,2,1,12
1645,2,1,2
1645,2,2,12
1645,2,2,13
1645,2,3,12
1645,2,3,11
1645,2,4,12
1645,2,4,7
1645,2,5,12
1645,2,5,8
1645,2,6,12
1645,2,6,5
1645,2,7,12
1645,2,7,10
1645,3,0,4
1645,3,0,9
1645,3,1,4
1645,3,1,2
1645,3,2,4
1645,3,2,13
1645,3,3,4
1645,3,3,11
1645,3,4,4
1645,3,4,7
1645,3,5,4
1645,3,5,8
1645,3,6,4
1645,3,6,5
1645,3,7,4
1645,3,7,10
1645,4,0,8
1645,4,0,8
1645,4,1,8
1645,4,1,2
1645,4,2,8
1645,4,2,13
1645,4,3,8
1645,4,3,11
1645,4,4,8
1645,4,4,7
1645,4,5,8
1645,4,5,8
1645,4,6,8
1645,4,6,5
1645,4,7,8
1645,4,7,10
1645,5,0,13
1645,5,0,1
1645,5,1,13
1645,5,1,2
1645,5,2,13
1645,5,2,13
1645,5,3,13
1645,5,3,11
1645,5,4,13
1645,5,4,7
1645,5,5,13
1645,5,5,8
1645,5,6,13
1645,5,6,5
1645,5,7,13
1645,5,7,10
1645,6,0,2
1645,6,0,2
1645,6,1,2
1645,6,1,2
1645,6,2,2
1645,6,2,13
1645,6,3,2
1645,6,3,11
1645,6,4,2
1645,6,4,7
1645,6,5,2
1645,6,5,8
1645,6,6,2
1645,6,6,5
1645,6,7,2
1645,6,7,10
7654,0,0,12
7654,0,0,2
7654,1,0,13
7654,1,0,6
7654,2,0,14
7654,2,0,2
7654,3,0,7
7654,3,0,2
7654,4,0,3
7654,4,0,2
7654,5,0,10
7654,5,0,11
86,0,0,3
86,0,0,14
86,1,0,10
86,1,0,10
86,2,0,12
86,2,0,8
86,3,0,8
86,3,0,13
86,4,0,14
86,4,0,9
86,5,0,13
86,5,0,10
86,6,0,6
86,6,0,10
86,7,0,2
86,7,0,9
1598,0,0,3
1598,0,0,3
1598,1,0,10
1598,1,0,10
1598,2,0,13
1598,2,0,13
1598,3,0,2
1598,3,0,2
1598,4,0,14
1598,4,0,14
287,0,0,2
287,0,0,6
287,1,0,12
287,1,0,2
287,2,0,14
287,2,0,2
287,3,0,13
287,3,0,2
3820,0,0,13
3820,0,0,13
3820,1,0,2
3820,1,0,2
3820,2,0,8
3820,2,0,8
3820,3,0,12
3820,3,0,12
1288,0,0,2
1288,0,0,7
1288,1,0,13
1288,1,0,7
1288,2,0,1
1288,2,0,7
1288,3,0,3
1288,3,0,7
1288,4,0,7
1288,4,0,7
1288,5,0,12
1288,5,0,7
3991,0,0,7
3991,0,0,5
3991,1,0,7
3991,1,0,3
3991,2,0,7
3991,2,0,12
3991,3,0,10
3991,3,0,12
3991,4,0,7
3991,4,0,14
3991,5,0,13
3991,5,0,6
4100,0,0,2
4100,0,0,2
742,0,0,9
742,0,0,4
742,1,0,4
742,1,0,4
742,2,0,1
742,2,0,1
742,3,0,13
742,3,0,6
3581,0,0,4
3581,0,0,1
3581,1,0,14
3581,1,0,1
3581,2,0,9
3581,2,0,1
3587,0,0,14
3587,0,0,2
3587,1,0,14
3587,1,0,2
3587,2,0,2
3587,2,0,2
1243,0,0,12
1243,0,0,5
1243,1,0,12
1243,1,0,13
1243,2,0,13
1243,2,0,11
12206,0,0,6
12206,0,0,6
2561,0,0,1
2561,0,0,13
2561,0,1,1
2561,0,1,6
2561,0,2,1
2561,0,2,10
2561,0,3,1
2561,0,3,8
2561,0,4,1
2561,0,4,14
2561,0,5,1
2561,0,5,7
2561,0,6,1
2561,0,6,12
2561,0,7,1
2561,0,7,3
2561,1,0,4
2561,1,0,13
2561,1,1,4
2561,1,1,6
2561,1,2,4
2561,1,2,10
2561,1,3,4
2561,1,3,8
2561,1,4,4
2561,1,4,14
2561,1,5,4
2561,1,5,7
2561,1,6,4
2561,1,6,12
2561,1,7,4
2561,1,7,3
2561,2,0,13
2561,2,0,13
2561,2,1,13
2561,2,1,6
2561,2,2,13
2561,2,2,10
2561,2,3,13
2561,2,3,8
2561,2,4,13
2561,2,4,14
2561,2,5,13
2561,2,5,7
2561,2,6,13
2561,2,6,12
2561,2,7,13
2561,2,7,3
2561,3,0,2
2561,3,0,13
2561,3,1,2
2561,3,1,6
2561,3,2,2
2561,3,2,10
2561,3,3,2
2561,3,3,8
2561,3,4,2
2561,3,4,14
2561,3,5,2
2561,3,5,7
2561,3,6,2
2561,3,6,12
2561,3,7,2
2561,3,7,3
7135,0,0,13
7135,0,0,13
7135,1,0,9
7135,1,0,9
7135,2,0,12
7135,2,0,12
7135,3,0,10
7135,3,0,10
7135,4,0,9
7135,4,0,9
7135,5,0,3
7135,5,0,3
7135,6,0,8
7135,6,0,8
7135,7,0,7
7135,7,0,7
3622,0,0,4
3622,0,0,7
3622,0,1,4
3622,0,1,14
3622,0,2,4
3622,0,2,10
3622,0,3,4
3622,0,3,3
3622,1,0,1
3622,1,0,7
3622,1,1,1
3622,1,1,14
3622,1,2,1
3622,1,2,10
3622,1,3,1
3622,1,3,3
3622,2,0,12
3622,2,0,7
3622,2,1,12
3622,2,1,14
3622,2,2,12
3622,2,2,10
3622,2,3,12
3622,2,3,3
3622,3,0,2
3622,3,0,7
3622,3,1,2
3622,3,1,14
3622,3,2,2
3622,3,2,10
3622,3,3,2
3622,3,3,3
7527,0,0,5
7527,0,0,7
7527,1,0,12
7527,1,0,7
7527,2,0,10
7527,2,0,7
7527,3,0,14
7527,3,0,7
7527,4,0,11
7527,4,0,7
7527,5,0,3
7527,5,0,7
7527,6,0,13
7527,6,0,7
1447,0,0,6
1447,0,0,6
7529,0,0,3
7529,0,0,6
7529,1,0,7
7529,1,0,6
7529,2,0,12
7529,2,0,6
7529,3,0,4
7529,3,0,6
7529,4,0,2
7529,4,0,6
7529,5,0,13
7529,5,0,6
4014,0,0,2
4014,0,0,2
4014,1,0,13
4014,1,0,13
4014,2,0,14
4014,2,0,14
4014,3,0,12
4014,3,0,12
4014,4,0,3
4014,4,0,3
4014,5,0,8
4014,5,0,8
4014,6,0,6
4014,6,0,6
4014,7,0,6
4014,7,0,6
1177,0,0,9
1177,0,0,7
1177,1,0,4
1177,1,0,7
1177,2,0,3
1177,2,0,7
12369,0,0,9
12369,0,0,14
8031,0,0,6
8031,0,0,6
8031,1,0,4
8031,1,0,4
8031,2,0,2
8031,2,0,2
8031,3,0,13
8031,3,0,13
4135,0,0,13
4135,0,0,13
4135,1,0,2
4135,1,0,2
4135,2,0,1
4135,2,0,1
4135,3,0,6
4135,3,0,6
7838,0,0,3
7838,0,0,13
3499,0,0,8
3499,0,0,8
3499,1,0,3
3499,1,0,3
3499,2,0,10
3499,2,0,10
3499,3,0,14
3499,3,0,14
3499,4,0,9
3499,4,0,9
3499,5,0,7
3499,5,0,7
3499,6,0,11
3499,6,0,11
3502,0,0,8
3502,0,0,4
3502,0,1,8
3502,0,1,13
3502,0,2,8
3502,0,2,6
3502,0,3,8
3502,0,3,4
3502,1,0,3
3502,1,0,4
3502,1,1,3
3502,1,1,13
3502,1,2,3
3502,1,2,6
3502,1,3,3
3502,1,3,4
3502,2,0,10
3502,2,0,4
3502,2,1,10
3502,2,1,13
3502,2,2,10
3502,2,2,6
3502,2,3,10
3502,2,3,4
3502,3,0,14
3502,3,0,4
3502,3,1,14
3502,3,1,13
3502,3,2,14
3502,3,2,6
3502,3,3,14
3502,3,3,4
3502,4,0,9
3502,4,0,4
3502,4,1,9
3502,4,1,13
3502,4,2,9
3502,4,2,6
3502,4,3,9
3502,4,3,4
3502,5,0,7
3502,5,0,4
3502,5,1,7
3502,5,1,13
3502,5,2,7
3502,5,2,6
3502,5,3,7
3502,5,3,4
3502,6,0,11
3502,6,0,4
3502,6,1,11
3502,6,1,13
3502,6,2,11
3502,6,2,6
3502,6,3,11
3502,6,3,4
3503,0,0,8
3503,0,0,8
3503,1,0,3
3503,1,0,3
3503,2,0,10
3503,2,0,10
3503,3,0,14
3503,3,0,14
3503,4,0,9
3503,4,0,9
3503,5,0,7
3503,5,0,7
3503,6,0,11
3503,6,0,11
3505,0,0,8
3505,0,0,8
3505,1,0,3
3505,1,0,3
3505,2,0,10
3505,2,0,10
3505,3,0,14
3505,3,0,14
3505,4,0,9
3505,4,0,9
3505,5,0,7
3505,5,0,7
3505,6,0,11
3505,6,0,11
3498,0,0,8
3498,0,0,8
3498,1,0,3
3498,1,0,3
3498,2,0,10
3498,2,0,10
3498,3,0,14
3498,3,0,14
3498,4,0,9
3498,4,0,9
3498,5,0,7
3498,5,0,7
3498,6,0,11
3498,6,0,11
3500,0,0,8
3500,0,0,8
3500,1,0,3
3500,1,0,3
3500,2,0,10
3500,2,0,10
3500,3,0,14
3500,3,0,14
3500,4,0,9
3500,4,0,9
3500,5,0,7
3500,5,0,7
3500,6,0,11
3500,6,0,11
3501,0,0,8
3501,0,0,8
3501,1,0,3
3501,1,0,3
3501,2,0,10
3501,2,0,10
3501,3,0,14
3501,3,0,14
3501,4,0,9
3501,4,0,9
3501,5,0,7
3501,5,0,7
3501,6,0,11
3501,6,0,11
3497,0,0,8
3497,0,0,8
3497,1,0,3
3497,1,0,3
3497,2,0,10
3497,2,0,10
3497,3,0,14
3497,3,0,14
3497,4,0,9
3497,4,0,9
3497,5,0,7
3497,5,0,7
3497,6,0,11
3497,6,0,11
3504,0,0,8
3504,0,0,8
3504,1,0,3
3504,1,0,3
3504,2,0,10
3504,2,0,10
3504,3,0,14
3504,3,0,14
3504,4,0,9
3504,4,0,9
3504,5,0,7
3504,5,0,7
3504,6,0,11
3504,6,0,11
3230,0,0,13
3230,0,0,12
3230,0,1,13
3230,0,1,3
3230,0,2,13
3230,0,2,9
3230,0,3,13
3230,0,3,7
9767,0,0,7
9767,0,0,7
9767,1,0,14
9767,1,0,14
9767,2,0,4
9767,2,0,4
9767,3,0,2
9767,3,0,2
9767,4,0,13
9767,4,0,6
9767,5,0,12
9767,5,0,2
9767,6,0,3
9767,6,0,2
2555,0,0,6
2555,0,0,6
2556,0,0,8
2556,0,0,8
3509,0,0,1
3509,0,0,2
3509,1,0,4
3509,1,0,7
3509,2,0,1
3509,2,0,2
3509,3,0,1
3509,3,0,12
3509,4,0,4
3509,4,0,6
3509,5,0,13
3509,5,0,13
1631,0,0,12
1631,0,0,6
1631,1,0,8
1631,1,0,13
1631,2,0,4
1631,2,0,4
1631,3,0,1
1631,3,0,1
1631,4,0,6
1631,4,0,6
1628,0,0,2
1628,0,0,2
1628,1,0,13
1628,1,0,13
1628,2,0,7
1628,2,0,7
729,0,0,6
729,0,0,6
8419,0,0,9
8419,0,0,5
8419,1,0,4
8419,1,0,5
8419,2,0,7
8419,2,0,5
8419,3,0,13
8419,3,0,5
3251,0,0,6
3251,0,0,12
3251,1,0,13
3251,1,0,1
3251,2,0,12
3251,2,0,9
3251,3,0,3
3251,3,0,8
3251,4,0,2
3251,4,0,13
5960,0,0,13
5960,0,0,14
1504,0,0,14
1504,0,0,1
1504,0,1,14
1504,0,1,13
1504,0,2,14
1504,0,2,3
1504,0,3,14
1504,0,3,14
1504,1,0,1
1504,1,0,1
1504,1,1,1
1504,1,1,13
1504,1,2,1
1504,1,2,3
1504,1,3,1
1504,1,3,14
1504,2,0,4
1504,2,0,4
1504,2,1,4
1504,2,1,13
1504,2,2,4
1504,2,2,3
1504,2,3,4
1504,2,3,14
1504,3,0,14
1504,3,0,5
1504,3,1,14
1504,3,1,13
1504,3,2,14
1504,3,2,3
1504,3,3,14
1504,3,3,14
1504,4,0,11
1504,4,0,13
1504,4,1,11
1504,4,1,13
1504,4,2,11
1504,4,2,3
1504,4,3,11
1504,4,3,14
1504,5,0,11
1504,5,0,11
1504,5,1,11
1504,5,1,13
1504,5,2,11
1504,5,2,3
1504,5,3,11
1504,5,3,14
981,0,0,9
981,0,0,9
8825,0,0,14
8825,0,0,4
3473,0,0,14
3473,0,0,14
3472,0,0,14
3472,0,0,14
1632,0,0,12
1632,0,0,12
1632,1,0,7
1632,1,0,7
1632,2,0,10
1632,2,0,10
1632,3,0,5
1632,3,0,5
1632,4,0,4
1632,4,0,4
1632,5,0,6
1632,5,0,6
4075,0,0,4
4075,0,0,14
4075,1,0,12
4075,1,0,14
7109,0,0,4
7109,0,0,4
7090,0,0,2
7090,0,0,14
1875,0,0,2
1875,0,0,13
1875,1,0,13
1875,1,0,13
1875,2,0,4
1875,2,0,13
1875,3,0,9
1875,3,0,13
7051,0,0,2
7051,0,0,7
530,0,0,7
530,0,0,7
530,1,0,7
530,1,0,7
530,2,0,1
530,2,0,4
530,3,0,13
530,3,0,6
4269,0,0,7
4269,0,0,7
1620,0,0,4
1620,0,0,5
1620,0,1,4
1620,0,1,7
1620,0,2,4
1620,0,2,8
1620,0,3,4
1620,0,3,13
1620,1,0,1
1620,1,0,5
1620,1,1,1
1620,1,1,7
1620,1,2,1
1620,1,2,8
1620,1,3,1
1620,1,3,13
1620,2,0,14
1620,2,0,5
1620,2,1,14
1620,2,1,7
1620,2,2,14
1620,2,2,8
1620,2,3,14
1620,2,3,13
1620,3,0,3
1620,3,0,5
1620,3,1,3
1620,3,1,7
1620,3,2,3
1620,3,2,8
1620,3,3,3
1620,3,3,13
1620,4,0,10
1620,4,0,5
1620,4,1,10
1620,4,1,7
1620,4,2,10
1620,4,2,8
1620,4,3,10
1620,4,3,13
1620,5,0,13
1620,5,0,5
1620,5,1,13
1620,5,1,7
1620,5,2,13
1620,5,2,8
1620,5,3,13
1620,5,3,13
1620,6,0,2
1620,6,0,5
1620,6,1,2
1620,6,1,7
1620,6,2,2
1620,6,2,8
1620,6,3,2
1620,6,3,13
7229,0,0,7
7229,0,0,4
7229,1,0,3
7229,1,0,13
7229,2,0,4
7229,2,0,1
7229,3,0,14
7229,3,0,4
7229,4,0,12
7229,4,0,4
7229,5,0,2
7229,5,0,4
987,0,0,4
987,0,0,1
987,1,0,1
987,1,0,1
987,2,0,4
987,2,0,9
987,3,0,13
987,3,0,1
987,4,0,2
987,4,0,1
3675,0,0,14
3675,0,0,14
3675,1,0,13
3675,1,0,13
3675,2,0,7
3675,2,0,7
722,0,0,4
722,0,0,2
531,0,0,7
531,0,0,7
531,1,0,7
531,1,0,10
531,2,0,7
531,2,0,7
531,3,0,7
531,3,0,5
531,4,0,7
531,4,0,12
531,5,0,9
531,5,0,4
531,6,0,13
531,6,0,6
790,0,0,6
790,0,0,4
793,0,0,2
793,0,0,2
4113,0,0,6
4113,0,0,8
4113,1,0,14
4113,1,0,7
4113,2,0,12
4113,2,0,3
4113,3,0,7
4113,3,0,1
4113,4,0,3
4113,4,0,8
4113,5,0,2
4113,5,0,6
4108,0,0,14
4108,0,0,12
4108,1,0,10
4108,1,0,7
4108,2,0,3
4108,2,0,9
4108,3,0,13
4108,3,0,3
4074,0,0,14
4074,0,0,14
4074,1,0,10
4074,1,0,10
4074,2,0,3
4074,2,0,3
4074,3,0,7
4074,3,0,7
4074,4,0,13
4074,4,0,13
4131,0,0,8
4131,0,0,8
4131,1,0,10
4131,1,0,10
4131,2,0,14
4131,2,0,9
4131,3,0,13
4131,3,0,13
4066,0,0,7
4066,0,0,12
4066,1,0,10
4066,1,0,10
4066,2,0,8
4066,2,0,8
4066,3,0,9
4066,3,0,9
4066,4,0,13
4066,4,0,13
4066,5,0,5
4066,5,0,13
3973,0,0,12
3973,0,0,12
3973,1,0,3
3973,1,0,3
3973,2,0,4
3973,2,0,14
3973,3,0,2
3973,3,0,2
3972,0,0,12
3972,0,0,14
3972,1,0,3
3972,1,0,6
3972,2,0,4
3972,2,0,14
3972,3,0,2
3972,3,0,12
7797,0,0,12
7797,0,0,2
7797,1,0,7
7797,1,0,4
7796,0,0,12
7796,0,0,5
7796,1,0,4
7796,1,0,5
3974,0,0,12
3974,0,0,12
3974,1,0,3
3974,1,0,3
3974,2,0,4
3974,2,0,4
3974,3,0,2
3974,3,0,2
3971,0,0,12
3971,0,0,12
3971,1,0,3
3971,1,0,3
3971,2,0,4
3971,2,0,4
3971,3,0,2
3971,3,0,2
3962,0,0,8
3962,0,0,8
3962,1,0,7
3962,1,0,7
3962,2,0,11
3962,2,0,11
3962,3,0,10
3962,3,0,10
3962,4,0,14
3962,4,0,14
3962,5,0,5
3962,5,0,13
3962,6,0,5
3962,6,0,5
3962,7,0,1
3962,7,0,7
9642,0,0,2
9642,0,0,2
9642,1,0,13
9642,1,0,13
2553,0,0,12
2553,0,0,2
2553,1,0,6
2553,1,0,6
2553,2,0,2
2553,2,0,6
1625,0,0,7
1625,0,0,7
1625,1,0,3
1625,1,0,3
1625,2,0,4
1625,2,0,4
1625,3,0,2
1625,3,0,2
1625,4,0,13
1625,4,0,13
1626,0,0,7
1626,0,0,7
1626,1,0,3
1626,1,0,3
1626,2,0,4
1626,2,0,4
1626,3,0,2
1626,3,0,2
1626,4,0,13
1626,4,0,13
1627,0,0,7
1627,0,0,7
1627,1,0,3
1627,1,0,3
1627,2,0,4
1627,2,0,4
1627,3,0,2
1627,3,0,2
1627,4,0,13
1627,4,0,13
3561,0,0,2
3561,0,0,3
3561,0,1,2
3561,0,1,10
3561,1,0,13
3561,1,0,3
3561,1,1,13
3561,1,1,10
3563,0,0,2
3563,0,0,6
3563,1,0,13
3563,1,0,4
3560,0,0,2
3560,0,0,2
3560,1,0,13
3560,1,0,13
7531,0,0,2
7531,0,0,8
7531,0,1,2
7531,0,1,10
7531,0,2,2
7531,0,2,14
7531,0,3,2
7531,0,3,7
7531,0,4,2
7531,0,4,6
3200,0,0,1
3200,0,0,2
3200,0,1,1
3200,0,1,8
3200,0,2,1
3200,0,2,4
3200,1,0,9
3200,1,0,2
3200,1,1,9
3200,1,1,8
3200,1,2,9
3200,1,2,4
3200,2,0,4
3200,2,0,2
3200,2,1,4
3200,2,1,8
3200,2,2,4
3200,2,2,4
3200,3,0,4
3200,3,0,2
3200,3,1,4
3200,3,1,8
3200,3,2,4
3200,3,2,4
3200,4,0,4
3200,4,0,2
3200,4,1,4
3200,4,1,8
3200,4,2,4
3200,4,2,4
3195,0,0,1
3195,0,0,2
3195,1,0,9
3195,1,0,2
3195,2,0,4
3195,2,0,2
3195,3,0,4
3195,3,0,2
3195,4,0,9
3195,4,0,13
3193,0,0,1
3193,0,0,2
3193,1,0,9
3193,1,0,2
3193,2,0,4
3193,2,0,2
3193,3,0,4
3193,3,0,2
3193,4,0,9
3193,4,0,13
3271,0,0,1
3271,0,0,2
3271,1,0,9
3271,1,0,2
3271,2,0,4
3271,2,0,2
3271,3,0,4
3271,3,0,2
3271,4,0,9
3271,4,0,13
3943,0,0,1
3943,0,0,2
3943,1,0,9
3943,1,0,2
3943,2,0,4
3943,2,0,2
3943,3,0,4
3943,3,0,2
3943,4,0,9
3943,4,0,13
3196,0,0,1
3196,0,0,2
3196,1,0,9
3196,1,0,2
3196,2,0,4
3196,2,0,2
3196,3,0,4
3196,3,0,2
3196,4,0,9
3196,4,0,13
3270,0,0,1
3270,0,0,6
3270,1,0,9
3270,1,0,6
3270,2,0,4
3270,2,0,6
3270,3,0,4
3270,3,0,6
3270,4,0,9
3270,4,0,6
3194,0,0,1
3194,0,0,2
3194,1,0,9
3194,1,0,2
3194,2,0,4
3194,2,0,2
3194,3,0,4
3194,3,0,2
3194,4,0,9
3194,4,0,13
3191,0,0,1
3191,0,0,2
3191,1,0,9
3191,1,0,2
3191,2,0,4
3191,2,0,2
3191,3,0,4
3191,3,0,2
3191,4,0,9
3191,4,0,13
5931,0,0,6
5931,0,0,6
5931,1,0,2
5931,1,0,2
5931,2,0,4
5931,2,0,4
2596,0,0,12
2596,0,0,14
2596,1,0,7
2596,1,0,14
791,0,0,12
791,0,0,6
4008,0,0,2
4008,0,0,6
7682,0,0,1
7682,0,0,12
7682,0,1,1
7682,0,1,8
7682,0,2,1
7682,0,2,5
7682,0,3,1
7682,0,3,3
998,0,0,13
998,0,0,13
998,1,0,3
998,1,0,13
998,2,0,12
998,2,0,2
998,3,0,1
998,3,0,13
998,4,0,4
998,4,0,13
998,5,0,2
998,5,0,2
998,6,0,6
998,6,0,6
7803,0,0,13
7803,0,0,9
7803,1,0,14
7803,1,0,4
7803,2,0,7
7803,2,0,12
7803,3,0,8
7803,3,0,2
7803,4,0,10
7803,4,0,14
7803,5,0,4
7803,5,0,6
7803,6,0,2
7803,6,0,8
1849,0,0,4
1849,0,0,3
1849,0,1,4
1849,0,1,10
1849,0,2,4
1849,0,2,14
1849,0,3,4
1849,0,3,5
3412,0,0,
3412,0,0,
1621,0,0,8
1621,0,0,13
1621,1,0,5
1621,1,0,13
1621,2,0,10
1621,2,0,13
1621,3,0,5
1621,3,0,13
1621,4,0,7
1621,4,0,7
1621,5,0,2
1621,5,0,9
338,0,0,12
338,0,0,13
338,1,0,9
338,1,0,2
338,2,0,3
338,2,0,13
338,3,0,14
338,3,0,6
338,4,0,7
338,4,0,6
7788,0,0,4
7788,0,0,9
7788,1,0,4
7788,1,0,9
7390,0,0,4
7390,0,0,1
7390,1,0,12
7390,1,0,1
7390,2,0,14
7390,2,0,4
7390,3,0,7
7390,3,0,1
2013,0,0,9
2013,0,0,1
2013,1,0,4
2013,1,0,6
2014,0,0,9
2014,0,0,1
2014,1,0,4
2014,1,0,6
2014,2,0,13
2014,2,0,2
3345,0,0,3
3345,0,0,13
3345,1,0,13
3345,1,0,13
3345,2,0,14
3345,2,0,13
3345,3,0,7
3345,3,0,6
3345,4,0,12
3345,4,0,12
2335,0,0,12
2335,0,0,13
2335,1,0,13
2335,1,0,2
2335,2,0,13
2335,2,0,8
2335,3,0,13
2335,3,0,13
2335,4,0,14
2335,4,0,14
2335,5,0,4
2335,5,0,4
7236,0,0,13
7236,0,0,7
7236,1,0,10
7236,1,0,13
7236,2,0,14
7236,2,0,4
3621,0,0,1
3621,0,0,13
3621,0,1,1
3621,0,1,2
3621,0,2,1
3621,0,2,8
3621,0,3,1
3621,0,3,9
3621,0,4,1
3621,0,4,14
3621,0,5,1
3621,0,5,10
3621,0,6,1
3621,0,6,5
3621,0,7,1
3621,0,7,5
3621,1,0,12
3621,1,0,13
3621,1,1,12
3621,1,1,2
3621,1,2,12
3621,1,2,8
3621,1,3,12
3621,1,3,9
3621,1,4,12
3621,1,4,14
3621,1,5,12
3621,1,5,10
3621,1,6,12
3621,1,6,5
3621,1,7,12
3621,1,7,5
3621,2,0,13
3621,2,0,13
3621,2,1,13
3621,2,1,2
3621,2,2,13
3621,2,2,8
3621,2,3,13
3621,2,3,9
3621,2,4,13
3621,2,4,14
3621,2,5,13
3621,2,5,10
3621,2,6,13
3621,2,6,5
3621,2,7,13
3621,2,7,5
3621,3,0,2
3621,3,0,13
3621,3,1,2
3621,3,1,2
3621,3,2,2
3621,3,2,8
3621,3,3,2
3621,3,3,9
3621,3,4,2
3621,3,4,14
3621,3,5,2
3621,3,5,10
3621,3,6,2
3621,3,6,5
3621,3,7,2
3621,3,7,5
3621,4,0,3
3621,4,0,13
3621,4,1,3
3621,4,1,2
3621,4,2,3
3621,4,2,8
3621,4,3,3
3621,4,3,9
3621,4,4,3
3621,4,4,14
3621,4,5,3
3621,4,5,10
3621,4,6,3
3621,4,6,5
3621,4,7,3
3621,4,7,5
3621,5,0,9
3621,5,0,13
3621,5,1,9
3621,5,1,2
3621,5,2,9
3621,5,2,8
3621,5,3,9
3621,5,3,9
3621,5,4,9
3621,5,4,14
3621,5,5,9
3621,5,5,10
3621,5,6,9
3621,5,6,5
3621,5,7,9
3621,5,7,5
3621,6,0,8
3621,6,0,13
3621,6,1,8
3621,6,1,2
3621,6,2,8
3621,6,2,8
3621,6,3,8
3621,6,3,9
3621,6,4,8
3621,6,4,14
3621,6,5,8
3621,6,5,10
3621,6,6,8
3621,6,6,5
3621,6,7,8
3621,6,7,5
3621,7,0,10
3621,7,0,13
3621,7,1,10
3621,7,1,2
3621,7,2,10
3621,7,2,8
3621,7,3,10
3621,7,3,9
3621,7,4,10
3621,7,4,14
3621,7,5,10
3621,7,5,10
3621,7,6,10
3621,7,6,5
3621,7,7,10
3621,7,7,5
4041,0,0,4
4041,0,0,5
4041,0,1,4
4041,0,1,5
4041,0,2,4
4041,0,2,4
4041,0,3,4
4041,0,3,8
4041,1,0,9
4041,1,0,5
4041,1,1,9
4041,1,1,5
4041,1,2,9
4041,1,2,4
4041,1,3,9
4041,1,3,8
4041,2,0,1
4041,2,0,5
4041,2,1,1
4041,2,1,5
4041,2,2,1
4041,2,2,4
4041,2,3,1
4041,2,3,8
4041,3,0,13
4041,3,0,5
4041,3,1,13
4041,3,1,5
4041,3,2,13
4041,3,2,4
4041,3,3,13
4041,3,3,8
4042,0,0,4
4042,0,0,1
4042,1,0,9
4042,1,0,1
4042,2,0,1
4042,2,0,1
4042,3,0,13
4042,3,0,1
4039,0,0,4
4039,0,0,4
4039,0,1,4
4039,0,1,5
4039,0,2,4
4039,0,2,5
4039,0,3,4
4039,0,3,4
4039,0,4,4
4039,0,4,8
4039,1,0,9
4039,1,0,9
4039,1,1,9
4039,1,1,5
4039,1,2,9
4039,1,2,5
4039,1,3,9
4039,1,3,4
4039,1,4,9
4039,1,4,8
4039,2,0,1
4039,2,0,1
4039,2,1,1
4039,2,1,5
4039,2,2,1
4039,2,2,5
4039,2,3,1
4039,2,3,4
4039,2,4,1
4039,2,4,8
4039,3,0,13
4039,3,0,13
4039,3,1,13
4039,3,1,5
4039,3,2,13
4039,3,2,5
4039,3,3,13
4039,3,3,4
4039,3,4,13
4039,3,4,8
4036,0,0,4
4036,0,0,4
4036,0,1,4
4036,0,1,5
4036,0,2,4
4036,0,2,5
4036,0,3,4
4036,0,3,4
4036,0,4,4
4036,0,4,8
4036,1,0,9
4036,1,0,9
4036,1,1,9
4036,1,1,5
4036,1,2,9
4036,1,2,5
4036,1,3,9
4036,1,3,4
4036,1,4,9
4036,1,4,8
4036,2,0,1
4036,2,0,1
4036,2,1,1
4036,2,1,5
4036,2,2,1
4036,2,2,5
4036,2,3,1
4036,2,3,4
4036,2,4,1
4036,2,4,8
4036,3,0,13
4036,3,0,13
4036,3,1,13
4036,3,1,5
4036,3,2,13
4036,3,2,5
4036,3,3,13
4036,3,3,4
4036,3,4,13
4036,3,4,8
4040,0,0,4
4040,0,0,4
4040,0,1,4
4040,0,1,5
4040,0,2,4
4040,0,2,5
4040,0,3,4
4040,0,3,4
4040,0,4,4
4040,0,4,8
4040,1,0,9
4040,1,0,9
4040,1,1,9
4040,1,1,5
4040,1,2,9
4040,1,2,5
4040,1,3,9
4040,1,3,4
4040,1,4,9
4040,1,4,8
4040,2,0,1
4040,2,0,1
4040,2,1,1
4040,2,1,5
4040,2,2,1
4040,2,2,5
4040,2,3,1
4040,2,3,4
4040,2,4,1
4040,2,4,8
4040,3,0,13
4040,3,0,13
4040,3,1,13
4040,3,1,5
4040,3,2,13
4040,3,2,5
4040,3,3,13
4040,3,3,4
4040,3,4,13
4040,3,4,8
4044,0,0,4
4044,0,0,4
4044,0,1,4
4044,0,1,5
4044,0,2,4
4044,0,2,5
4044,0,3,4
4044,0,3,4
4044,0,4,4
4044,0,4,8
4044,1,0,9
4044,1,0,9
4044,1,1,9
4044,1,1,5
4044,1,2,9
4044,1,2,5
4044,1,3,9
4044,1,3,4
4044,1,4,9
4044,1,4,8
4044,2,0,1
4044,2,0,1
4044,2,1,1
4044,2,1,5
4044,2,2,1
4044,2,2,5
4044,2,3,1
4044,2,3,4
4044,2,4,1
4044,2,4,8
4044,3,0,13
4044,3,0,13
4044,3,1,13
4044,3,1,5
4044,3,2,13
4044,3,2,5
4044,3,3,13
4044,3,3,4
4044,3,4,13
4044,3,4,8
4035,0,0,4
4035,0,0,4
4035,0,1,4
4035,0,1,5
4035,0,2,4
4035,0,2,5
4035,0,3,4
4035,0,3,4
4035,0,4,4
4035,0,4,8
4035,1,0,9
4035,1,0,9
4035,1,1,9
4035,1,1,5
4035,1,2,9
4035,1,2,5
4035,1,3,9
4035,1,3,4
4035,1,4,9
4035,1,4,8
4035,2,0,1
4035,2,0,1
4035,2,1,1
4035,2,1,5
4035,2,2,1
4035,2,2,5
4035,2,3,1
4035,2,3,4
4035,2,4,1
4035,2,4,8
4035,3,0,13
4035,3,0,13
4035,3,1,13
4035,3,1,5
4035,3,2,13
4035,3,2,5
4035,3,3,13
4035,3,3,4
4035,3,4,13
4035,3,4,8
4043,0,0,4
4043,0,0,4
4043,0,1,4
4043,0,1,5
4043,0,2,4
4043,0,2,5
4043,0,3,4
4043,0,3,4
4043,0,4,4
4043,0,4,8
4043,1,0,9
4043,1,0,9
4043,1,1,9
4043,1,1,5
4043,1,2,9
4043,1,2,5
4043,1,3,9
4043,1,3,4
4043,1,4,9
4043,1,4,8
4043,2,0,1
4043,2,0,1
4043,2,1,1
4043,2,1,5
4043,2,2,1
4043,2,2,5
4043,2,3,1
4043,2,3,4
4043,2,4,1
4043,2,4,8
4043,3,0,13
4043,3,0,13
4043,3,1,13
4043,3,1,5
4043,3,2,13
4043,3,2,5
4043,3,3,13
4043,3,3,4
4043,3,4,13
4043,3,4,8
5973,0,0,4
5973,0,0,1
5973,1,0,9
5973,1,0,1
5973,2,0,1
5973,2,0,1
5973,3,0,13
5973,3,0,1
4038,0,0,4
4038,0,0,1
4038,1,0,9
4038,1,0,1
4038,2,0,1
4038,2,0,1
4038,3,0,13
4038,3,0,1
4080,0,0,13
4080,0,0,13
4080,1,0,2
4080,1,0,2
4080,2,0,1
4080,2,0,13
4080,3,0,10
4080,3,0,13
4080,4,0,8
4080,4,0,13
4080,5,0,7
4080,5,0,13
4080,6,0,8
4080,6,0,13
7681,0,0,4
7681,0,0,12
7681,0,1,4
7681,0,1,8
7681,0,2,4
7681,0,2,12
7681,0,3,4
7681,0,3,3
1029,0,0,1
1029,0,0,13
1029,0,1,1
1029,0,1,12
1029,0,2,1
1029,0,2,3
1029,0,3,1
1029,0,3,9
1029,0,4,1
1029,0,4,6
1029,1,0,4
1029,1,0,13
1029,1,1,4
1029,1,1,12
1029,1,2,4
1029,1,2,3
1029,1,3,4
1029,1,3,9
1029,1,4,4
1029,1,4,6
1029,2,0,9
1029,2,0,13
1029,2,1,9
1029,2,1,12
1029,2,2,9
1029,2,2,3
1029,2,3,9
1029,2,3,9
1029,2,4,9
1029,2,4,6
1440,0,0,6
1440,0,0,14
1442,0,0,6
1442,0,0,9
1500,0,0,10
1500,0,0,1
1500,0,1,10
1500,0,1,12
1500,0,2,10
1500,0,2,3
1500,0,3,10
1500,0,3,14
1500,1,0,1
1500,1,0,1
1500,1,1,1
1500,1,1,12
1500,1,2,1
1500,1,2,3
1500,1,3,1
1500,1,3,14
1500,2,0,4
1500,2,0,4
1500,2,1,4
1500,2,1,12
1500,2,2,4
1500,2,2,3
1500,2,3,4
1500,2,3,14
1500,3,0,13
1500,3,0,10
1500,3,1,13
1500,3,1,12
1500,3,2,13
1500,3,2,3
1500,3,3,13
1500,3,3,14
1500,4,0,6
1500,4,0,13
1500,4,1,6
1500,4,1,12
1500,4,2,6
1500,4,2,3
1500,4,3,6
1500,4,3,14
1500,5,0,6
1500,5,0,6
1500,5,1,6
1500,5,1,12
1500,5,2,6
1500,5,2,3
1500,5,3,6
1500,5,3,14
9699,0,0,2
9699,0,0,13
144,0,0,2
144,0,0,2
144,1,0,4
144,1,0,4
144,2,0,7
144,2,0,9
144,3,0,14
144,3,0,8
144,4,0,13
144,4,0,10
7408,0,0,4
7408,0,0,9
4121,0,0,4
4121,0,0,2
12368,0,0,7
12368,0,0,14
3411,0,0,
3411,0,0,
1866,0,0,9
1866,0,0,7
1866,1,0,4
1866,1,0,7
1866,2,0,13
1866,2,0,7
1866,3,0,8
1866,3,0,7
1866,4,0,12
1866,4,0,7
9503,0,0,6
9503,0,0,2
3122,0,0,1
3122,0,0,13
3122,1,0,9
3122,1,0,13
3122,2,0,4
3122,2,0,13
3122,3,0,6
3122,3,0,13
3122,4,0,14
3122,4,0,13
3122,5,0,7
3122,5,0,13
3122,6,0,3
3122,6,0,13
3122,7,0,10
3122,7,0,13
9766,0,0,13
9766,0,0,13
9766,1,0,12
9766,1,0,12
9766,2,0,10
9766,2,0,10
9766,3,0,14
9766,3,0,14
9766,4,0,3
9766,4,0,3
9766,5,0,4
9766,5,0,4
9766,6,0,2
9766,6,0,2
9766,7,0,6
9766,7,0,6
698,0,0,6
698,0,0,6
832,0,0,3
832,0,0,2
832,1,0,7
832,1,0,2
832,2,0,14
832,2,0,2
832,3,0,12
832,3,0,2
832,4,0,8
832,4,0,6
832,5,0,10
832,5,0,6
832,6,0,2
832,6,0,6
4722,0,0,4
4722,0,0,4
4722,1,0,3
4722,1,0,3
4722,2,0,12
4722,2,0,12
4722,3,0,2
4722,3,0,2
4129,0,0,2
4129,0,0,7
4129,1,0,4
4129,1,0,7
4129,2,0,12
4129,2,0,7
4129,3,0,14
4129,3,0,7
4129,4,0,3
4129,4,0,7
4129,5,0,13
4129,5,0,7
1054,0,0,14
1054,0,0,14
12208,0,0,6
12208,0,0,7
2614,0,0,7
2614,0,0,2
2614,1,0,14
2614,1,0,2
2614,2,0,10
2614,2,0,2
2614,3,0,11
2614,3,0,2
2614,4,0,13
2614,4,0,2
2614,5,0,2
2614,5,0,2
532,0,0,7
532,0,0,7
532,1,0,10
532,1,0,10
532,2,0,7
532,2,0,7
532,3,0,2
532,3,0,12
532,4,0,9
532,4,0,4
532,5,0,13
532,5,0,6
335,0,0,10
335,0,0,10
335,1,0,10
335,1,0,10
336,0,0,10
336,0,0,10
336,1,0,10
336,1,0,10
7232,0,0,14
7232,0,0,14
7232,1,0,12
7232,1,0,12
7232,2,0,13
7232,2,0,13
805,0,0,4
805,0,0,4
805,1,0,13
805,1,0,13
805,2,0,3
805,2,0,3
805,3,0,12
805,3,0,1
805,4,0,14
805,4,0,14
3808,0,0,4
3808,0,0,4
3808,1,0,4
3808,1,0,13
3808,2,0,4
3808,2,0,11
3808,3,0,4
3808,3,0,12
3808,4,0,4
3808,4,0,9
4708,0,0,4
4708,0,0,1
4708,1,0,13
4708,1,0,13
4708,2,0,4
4708,2,0,4
4708,3,0,12
4708,3,0,1
4708,4,0,14
4708,4,0,1
3805,0,0,9
3805,0,0,4
3805,1,0,13
3805,1,0,4
3805,2,0,6
3805,2,0,4
3805,3,0,12
3805,3,0,4
3805,4,0,14
3805,4,0,4
3806,0,0,4
3806,0,0,1
3806,1,0,13
3806,1,0,13
3806,2,0,7
3806,2,0,7
3806,3,0,12
3806,3,0,1
3806,4,0,9
3806,4,0,1
808,0,0,4
808,0,0,1
808,1,0,13
808,1,0,13
808,2,0,7
808,2,0,13
808,3,0,12
808,3,0,1
808,4,0,14
808,4,0,1
1058,0,0,4
1058,0,0,13
1058,1,0,14
1058,1,0,13
1058,2,0,13
1058,2,0,13
1058,3,0,2
1058,3,0,13
2586,0,0,1
2586,0,0,2
2586,1,0,9
2586,1,0,7
2586,2,0,13
2586,2,0,6
3396,0,0,1
3396,0,0,2
3396,1,0,9
3396,1,0,7
3396,2,0,13
3396,2,0,6
12332,0,0,1
12332,0,0,2
12332,1,0,9
12332,1,0,7
12332,2,0,13
12332,2,0,6
7152,0,0,13
7152,0,0,7
7152,0,1,13
7152,0,1,12
7152,0,2,13
7152,0,2,3
7152,0,3,13
7152,0,3,2
7152,0,4,13
7152,0,4,14
6984,0,0,3
6984,0,0,2
840,0,0,13
840,0,0,13
840,1,0,1
840,1,0,13
840,2,0,4
840,2,0,2
840,3,0,6
840,3,0,6
1567,0,0,7
1567,0,0,13
1567,1,0,3
1567,1,0,13
1567,2,0,8
1567,2,0,13
1567,3,0,9
1567,3,0,13
1567,4,0,14
1567,4,0,2
1567,5,0,12
1567,5,0,12
1567,6,0,7
1567,6,0,7
1567,7,0,4
1567,7,0,4
3819,0,0,6
3819,0,0,6
3819,1,0,7
3819,1,0,7
3819,2,0,14
3819,2,0,14
3819,3,0,12
3819,3,0,12
3819,4,0,13
3819,4,0,13
3819,5,0,4
3819,5,0,4
12371,0,0,12
12371,0,0,3
1127,0,0,9
1127,0,0,2
1127,1,0,4
1127,1,0,7
1127,2,0,14
1127,2,0,6
3615,0,0,6
3615,0,0,6
3975,0,0,9
3975,0,0,7
3975,1,0,12
3975,1,0,7
1131,0,0,13
1131,0,0,13
1111,0,0,6
1111,0,0,6
1111,1,0,2
1111,1,0,2
1111,2,0,4
1111,2,0,4
1111,3,0,13
1111,3,0,13
3947,0,0,6
3947,0,0,13
3947,0,1,6
3947,0,1,2
3947,0,2,6
3947,0,2,7
3947,0,3,6
3947,0,3,3
3947,0,4,6
3947,0,4,9
3947,0,5,6
3947,0,5,1
3947,0,6,6
3947,0,6,4
3947,1,0,2
3947,1,0,13
3947,1,1,2
3947,1,1,2
3947,1,2,2
3947,1,2,7
3947,1,3,2
3947,1,3,3
3947,1,4,2
3947,1,4,9
3947,1,5,2
3947,1,5,1
3947,1,6,2
3947,1,6,4
3947,2,0,7
3947,2,0,13
3947,2,1,7
3947,2,1,2
3947,2,2,7
3947,2,2,7
3947,2,3,7
3947,2,3,3
3947,2,4,7
3947,2,4,9
3947,2,5,7
3947,2,5,1
3947,2,6,7
3947,2,6,4
3947,3,0,3
3947,3,0,13
3947,3,1,3
3947,3,1,2
3947,3,2,3
3947,3,2,7
3947,3,3,3
3947,3,3,3
3947,3,4,3
3947,3,4,9
3947,3,5,3
3947,3,5,1
3947,3,6,3
3947,3,6,4
3947,4,0,12
3947,4,0,13
3947,4,1,12
3947,4,1,2
3947,4,2,12
3947,4,2,7
3947,4,3,12
3947,4,3,3
3947,4,4,12
3947,4,4,9
3947,4,5,12
3947,4,5,1
3947,4,6,12
3947,4,6,4
7526,0,0,12
7526,0,0,6
7526,1,0,3
7526,1,0,2
7526,2,0,14
7526,2,0,2
7526,3,0,8
7526,3,0,2
7526,4,0,2
7526,4,0,9
7526,5,0,13
7526,5,0,2
6033,0,0,5
6033,0,0,5
3946,0,0,6
3946,0,0,13
3946,0,1,6
3946,0,1,2
3946,0,2,6
3946,0,2,7
3946,0,3,6
3946,0,3,3
3946,0,4,6
3946,0,4,9
3946,0,5,6
3946,0,5,1
3946,0,6,6
3946,0,6,4
3946,1,0,2
3946,1,0,13
3946,1,1,2
3946,1,1,2
3946,1,2,2
3946,1,2,7
3946,1,3,2
3946,1,3,3
3946,1,4,2
3946,1,4,9
3946,1,5,2
3946,1,5,1
3946,1,6,2
3946,1,6,4
3946,2,0,7
3946,2,0,13
3946,2,1,7
3946,2,1,2
3946,2,2,7
3946,2,2,7
3946,2,3,7
3946,2,3,3
3946,2,4,7
3946,2,4,9
3946,2,5,7
3946,2,5,1
3946,2,6,7
3946,2,6,4
3946,3,0,3
3946,3,0,13
3946,3,1,3
3946,3,1,2
3946,3,2,3
3946,3,2,7
3946,3,3,3
3946,3,3,3
3946,3,4,3
3946,3,4,9
3946,3,5,3
3946,3,5,1
3946,3,6,3
3946,3,6,4
3946,4,0,12
3946,4,0,13
3946,4,1,12
3946,4,1,2
3946,4,2,12
3946,4,2,7
3946,4,3,12
3946,4,3,3
3946,4,4,12
3946,4,4,9
3946,4,5,12
3946,4,5,1
3946,4,6,12
3946,4,6,4
688,0,0,7
688,0,0,12
688,1,0,9
688,1,0,4
688,2,0,4
688,2,0,4
7259,0,0,7
7259,0,0,9
7259,1,0,14
7259,1,0,7
7259,2,0,10
7259,2,0,10
7259,3,0,3
7259,3,0,3
7237,0,0,14
7237,0,0,7
7237,1,0,12
7237,1,0,7
7237,2,0,13
7237,2,0,7
4023,0,0,12
4023,0,0,6
4023,1,0,4
4023,1,0,13
4023,2,0,6
4023,2,0,3
1499,0,0,9
1499,0,0,1
1499,0,1,9
1499,0,1,12
1499,0,2,9
1499,0,2,3
1499,0,3,9
1499,0,3,14
1499,1,0,1
1499,1,0,1
1499,1,1,1
1499,1,1,12
1499,1,2,1
1499,1,2,3
1499,1,3,1
1499,1,3,14
1499,2,0,4
1499,2,0,4
1499,2,1,4
1499,2,1,12
1499,2,2,4
1499,2,2,3
1499,2,3,4
1499,2,3,14
1499,3,0,7
1499,3,0,14
1499,3,1,7
1499,3,1,12
1499,3,2,7
1499,3,2,3
1499,3,3,7
1499,3,3,14
1499,4,0,12
1499,4,0,13
1499,4,1,12
1499,4,1,12
1499,4,2,12
1499,4,2,3
1499,4,3,12
1499,4,3,14
1499,5,0,4
1499,5,0,4
1499,5,1,4
1499,5,1,12
1499,5,2,4
1499,5,2,3
1499,5,3,4
1499,5,3,14
9700,0,0,10
9700,0,0,13
725,0,0,1
725,0,0,13
725,0,1,1
725,0,1,10
725,0,2,1
725,0,2,7
725,0,3,1
725,0,3,9
725,0,4,1
725,0,4,6
725,1,0,4
725,1,0,13
725,1,1,4
725,1,1,10
725,1,2,4
725,1,2,7
725,1,3,4
725,1,3,9
725,1,4,4
725,1,4,6
725,2,0,9
725,2,0,13
725,2,1,9
725,2,1,10
725,2,2,9
725,2,2,7
725,2,3,9
725,2,3,9
725,2,4,9
725,2,4,6
2352,0,0,13
2352,0,0,13
2352,1,0,13
2352,1,0,12
2352,2,0,13
2352,2,0,7
3595,0,0,2
3595,0,0,13
3595,1,0,6
3595,1,0,13
3595,2,0,13
3595,2,0,13
3595,3,0,4
3595,3,0,13
4127,0,0,10
4127,0,0,4
4127,1,0,14
4127,1,0,12
4546,0,0,7
4546,0,0,1
4546,1,0,14
4546,1,0,1
1263,0,0,7
1263,0,0,1
1263,1,0,14
1263,1,0,1
7802,0,0,1
7802,0,0,13
7802,0,1,1
7802,0,1,7
7802,0,2,1
7802,0,2,8
7802,0,3,1
7802,0,3,12
7802,0,4,1
7802,0,4,7
7802,1,0,4
7802,1,0,13
7802,1,1,4
7802,1,1,7
7802,1,2,4
7802,1,2,8
7802,1,3,4
7802,1,3,12
7802,1,4,4
7802,1,4,7
7802,2,0,13
7802,2,0,13
7802,2,1,13
7802,2,1,7
7802,2,2,13
7802,2,2,8
7802,2,3,13
7802,2,3,12
7802,2,4,13
7802,2,4,7
1185,0,0,12
1185,0,0,12
1185,1,0,7
1185,1,0,7
1185,2,0,3
1185,2,0,3
1185,3,0,14
1185,3,0,14
1185,4,0,4
1185,4,0,4
1185,5,0,13
1185,5,0,13
1185,6,0,2
1185,6,0,2
1185,7,0,14
1185,7,0,6
3681,0,0,2
3681,0,0,2
3681,1,0,12
3681,1,0,2
3681,2,0,13
3681,2,0,13
3681,3,0,3
3681,3,0,13
3681,4,0,4
3681,4,0,4
3681,5,0,7
3681,5,0,4
3681,6,0,7
3681,6,0,1
3681,7,0,14
3681,7,0,4
1023,0,0,4
1023,0,0,4
7048,0,0,3
7048,0,0,3
7048,0,1,3
7048,0,1,3
7048,0,2,12
7048,0,2,10
7048,0,3,7
7048,0,3,7
7048,0,4,8
7048,0,4,5
7048,0,5,12
7048,0,5,12
7048,0,6,14
7048,0,6,11
1087,0,0,13
1087,0,0,5
1087,1,0,12
1087,1,0,5
1087,2,0,11
1087,2,0,5
1087,3,0,2
1087,3,0,5
1087,4,0,4
1087,4,0,5
5963,0,0,14
5963,0,0,13
3683,0,0,14
3683,0,0,13
3683,1,0,9
3683,1,0,13
3683,2,0,4
3683,2,0,7
3683,3,0,1
3683,3,0,13
3683,4,0,6
3683,4,0,1
3683,5,0,2
3683,5,0,3
3692,0,0,1
3692,0,0,13
3692,0,1,1
3692,0,1,4
3692,0,2,1
3692,0,2,3
3692,0,3,1
3692,0,3,14
3692,1,0,13
3692,1,0,13
3692,1,1,13
3692,1,1,4
3692,1,2,13
3692,1,2,3
3692,1,3,13
3692,1,3,14
3692,2,0,4
3692,2,0,13
3692,2,1,4
3692,2,1,4
3692,2,2,4
3692,2,2,3
3692,2,3,4
3692,2,3,14
3348,0,0,3
3348,0,0,14
3348,1,0,10
3348,1,0,11
3348,2,0,7
3348,2,0,12
3348,3,0,9
3348,3,0,2
3348,4,0,5
3348,4,0,13
3348,5,0,5
3348,5,0,3
3430,0,0,5
3430,0,0,5
3430,1,0,13
3430,1,0,2
3430,2,0,12
3430,2,0,14
3430,3,0,3
3430,3,0,8
3430,4,0,8
3430,4,0,14
1329,0,0,4
1329,0,0,4
7393,0,0,6
7393,0,0,6
7393,1,0,7
7393,1,0,2
3596,0,0,13
3596,0,0,3
3596,1,0,9
3596,1,0,8
3596,2,0,6
3596,2,0,11
4102,0,0,1
4102,0,0,13
4102,0,1,1
4102,0,1,2
4102,0,2,1
4102,0,2,3
4102,0,3,1
4102,0,3,12
4102,0,4,1
4102,0,4,14
4102,1,0,9
4102,1,0,13
4102,1,1,9
4102,1,1,2
4102,1,2,9
4102,1,2,3
4102,1,3,9
4102,1,3,12
4102,1,4,9
4102,1,4,14
4102,2,0,4
4102,2,0,13
4102,2,1,4
4102,2,1,2
4102,2,2,4
4102,2,2,3
4102,2,3,4
4102,2,3,12
4102,2,4,4
4102,2,4,14
1092,0,0,12
1092,0,0,14
1092,1,0,7
1092,1,0,14
1092,2,0,10
1092,2,0,13
1092,3,0,3
1092,3,0,8
1092,4,0,2
1092,4,0,14
1234,0,0,8
1234,0,0,13
1234,1,0,12
1234,1,0,13
1234,2,0,3
1234,2,0,13
1234,3,0,7
1234,3,0,13
1234,4,0,6
1234,4,0,13
3346,0,0,8
3346,0,0,8
3346,1,0,7
3346,1,0,7
3346,2,0,9
3346,2,0,9
3346,3,0,1
3346,3,0,1
3346,4,0,14
3346,4,0,3
3346,5,0,9
3346,5,0,7
3346,6,0,10
3346,6,0,8
3346,7,0,2
3346,7,0,13
7845,0,0,2
7845,0,0,6
7845,1,0,12
7845,1,0,2
7845,2,0,14
7845,2,0,2
7845,3,0,3
7845,3,0,2
4013,0,0,12
4013,0,0,2
4013,1,0,3
4013,1,0,2
4013,2,0,2
4013,2,0,6
8608,0,0,1
8608,0,0,1
7452,0,0,4
7452,0,0,13
4053,0,0,13
4053,0,0,4
4053,1,0,8
4053,1,0,9
4053,2,0,3
4053,2,0,14
4053,3,0,8
4053,3,0,13
4053,4,0,7
4053,4,0,3
4053,5,0,6
4053,5,0,2
4052,0,0,13
4052,0,0,4
4052,1,0,8
4052,1,0,9
4052,2,0,3
4052,2,0,14
4052,3,0,8
4052,3,0,13
4052,4,0,7
4052,4,0,3
4052,5,0,6
4052,5,0,2
4046,0,0,4
4046,0,0,4
4046,1,0,9
4046,1,0,9
4046,2,0,14
4046,2,0,14
4046,3,0,13
4046,3,0,13
4046,4,0,3
4046,4,0,3
4046,5,0,2
4046,5,0,2
4054,0,0,4
4054,0,0,4
4054,1,0,9
4054,1,0,9
4054,2,0,14
4054,2,0,14
4054,3,0,13
4054,3,0,13
4054,4,0,3
4054,4,0,3
4054,5,0,2
4054,5,0,2
4047,0,0,13
4047,0,0,4
4047,1,0,8
4047,1,0,9
4047,2,0,3
4047,2,0,14
4047,3,0,8
4047,3,0,13
4047,4,0,7
4047,4,0,3
4047,5,0,6
4047,5,0,2
4051,0,0,4
4051,0,0,4
4051,1,0,9
4051,1,0,9
4051,2,0,14
4051,2,0,14
4051,3,0,13
4051,3,0,13
4051,4,0,3
4051,4,0,3
4051,5,0,2
4051,5,0,2
4049,0,0,4
4049,0,0,4
4049,1,0,9
4049,1,0,9
4049,2,0,14
4049,2,0,14
4049,3,0,13
4049,3,0,13
4049,4,0,3
4049,4,0,3
4049,5,0,2
4049,5,0,2
4045,0,0,4
4045,0,0,4
4045,1,0,9
4045,1,0,9
4045,2,0,14
4045,2,0,14
4045,3,0,13
4045,3,0,13
4045,4,0,3
4045,4,0,3
4045,5,0,2
4045,5,0,2
7151,0,0,13
7151,0,0,7
7151,0,1,13
7151,0,1,12
7151,0,2,13
7151,0,2,3
7151,0,3,13
7151,0,3,2
7151,0,4,13
7151,0,4,14
4271,0,0,12
4271,0,0,12
2713,0,0,13
2713,0,0,13
2713,0,1,13
2713,0,1,10
2713,0,2,13
2713,0,2,5
2713,0,3,13
2713,0,3,7
2713,0,4,13
2713,0,4,5
2713,1,0,12
2713,1,0,12
2713,1,1,12
2713,1,1,10
2713,1,2,12
2713,1,2,5
2713,1,3,12
2713,1,3,7
2713,1,4,12
2713,1,4,5
2713,2,0,10
2713,2,0,10
2713,2,1,10
2713,2,1,10
2713,2,2,10
2713,2,2,5
2713,2,3,10
2713,2,3,7
2713,2,4,10
2713,2,4,5
2713,3,0,14
2713,3,0,14
2713,3,1,14
2713,3,1,10
2713,3,2,14
2713,3,2,5
2713,3,3,14
2713,3,3,7
2713,3,4,14
2713,3,4,5
2713,4,0,3
2713,4,0,3
2713,4,1,3
2713,4,1,10
2713,4,2,3
2713,4,2,5
2713,4,3,3
2713,4,3,7
2713,4,4,3
2713,4,4,5
2713,5,0,4
2713,5,0,4
2713,5,1,4
2713,5,1,10
2713,5,2,4
2713,5,2,5
2713,5,3,4
2713,5,3,7
2713,5,4,4
2713,5,4,5
2713,6,0,2
2713,6,0,2
2713,6,1,2
2713,6,1,10
2713,6,2,2
2713,6,2,5
2713,6,3,2
2713,6,3,7
2713,6,4,2
2713,6,4,5
2713,7,0,6
2713,7,0,6
2713,7,1,6
2713,7,1,10
2713,7,2,6
2713,7,2,5
2713,7,3,6
2713,7,3,7
2713,7,4,6
2713,7,4,5
2736,0,0,3
2736,0,0,13
2736,1,0,7
2736,1,0,13
2736,2,0,9
2736,2,0,13
4140,0,0,12
4140,0,0,12
4140,0,1,12
4140,0,1,7
4140,0,2,12
4140,0,2,14
4140,1,0,7
4140,1,0,12
4140,1,1,7
4140,1,1,7
4140,1,2,7
4140,1,2,14
4140,2,0,14
4140,2,0,12
4140,2,1,14
4140,2,1,7
4140,2,2,14
4140,2,2,14
4140,3,0,13
4140,3,0,12
4140,3,1,13
4140,3,1,7
4140,3,2,13
4140,3,2,14
4140,4,0,2
4140,4,0,12
4140,4,1,2
4140,4,1,7
4140,4,2,2
4140,4,2,14
4140,5,0,4
4140,5,0,12
4140,5,1,4
4140,5,1,7
4140,5,2,4
4140,5,2,14
796,0,0,4
796,0,0,1
796,1,0,9
796,1,0,2
1509,0,0,12
1509,0,0,2
1509,1,0,3
1509,1,0,2
1509,2,0,14
1509,2,0,2
1509,3,0,7
1509,3,0,2
1509,4,0,10
1509,4,0,2
1509,5,0,13
1509,5,0,2
1509,6,0,2
1509,6,0,2
1509,7,0,6
1509,7,0,2
1644,0,0,9
1644,0,0,13
1644,0,1,9
1644,0,1,2
1644,0,2,9
1644,0,2,13
1644,0,3,9
1644,0,3,11
1644,0,4,9
1644,0,4,7
1644,0,5,9
1644,0,5,8
1644,0,6,9
1644,0,6,5
1644,0,7,9
1644,0,7,10
1644,1,0,10
1644,1,0,13
1644,1,1,10
1644,1,1,2
1644,1,2,10
1644,1,2,13
1644,1,3,10
1644,1,3,11
1644,1,4,10
1644,1,4,7
1644,1,5,10
1644,1,5,8
1644,1,6,10
1644,1,6,5
1644,1,7,10
1644,1,7,10
1644,2,0,2
1644,2,0,13
1644,2,1,2
1644,2,1,2
1644,2,2,2
1644,2,2,13
1644,2,3,2
1644,2,3,11
1644,2,4,2
1644,2,4,7
1644,2,5,2
1644,2,5,8
1644,2,6,2
1644,2,6,5
1644,2,7,2
1644,2,7,10
1644,3,0,12
1644,3,0,13
1644,3,1,12
1644,3,1,2
1644,3,2,12
1644,3,2,13
1644,3,3,12
1644,3,3,11
1644,3,4,12
1644,3,4,7
1644,3,5,12
1644,3,5,8
1644,3,6,12
1644,3,6,5
1644,3,7,12
1644,3,7,10
1644,4,0,14
1644,4,0,13
1644,4,1,14
1644,4,1,2
1644,4,2,14
1644,4,2,13
1644,4,3,14
1644,4,3,11
1644,4,4,14
1644,4,4,7
1644,4,5,14
1644,4,5,8
1644,4,6,14
1644,4,6,5
1644,4,7,14
1644,4,7,10
1644,5,0,1
1644,5,0,2
1644,5,1,1
1644,5,1,2
1644,5,2,1
1644,5,2,13
1644,5,3,1
1644,5,3,11
1644,5,4,1
1644,5,4,7
1644,5,5,1
1644,5,5,8
1644,5,6,1
1644,5,6,5
1644,5,7,1
1644,5,7,10
1644,6,0,13
1644,6,0,13
1644,6,1,13
1644,6,1,2
1644,6,2,13
1644,6,2,13
1644,6,3,13
1644,6,3,11
1644,6,4,13
1644,6,4,7
1644,6,5,13
1644,6,5,8
1644,6,6,13
1644,6,6,5
1644,6,7,13
1644,6,7,10
1644,7,0,3
1644,7,0,13
1644,7,1,3
1644,7,1,2
1644,7,2,3
1644,7,2,13
1644,7,3,3
1644,7,3,11
1644,7,4,3
1644,7,4,7
1644,7,5,3
1644,7,5,8
1644,7,6,3
1644,7,6,5
1644,7,7,3
1644,7,7,10
1441,0,0,13
1441,0,0,12
1851,0,0,8
1851,0,0,7
1851,1,0,12
1851,1,0,13
1851,2,0,14
1851,2,0,9
1851,3,0,8
1851,3,0,10
1851,4,0,11
1851,4,0,3
1851,5,0,7
1851,5,0,14
1851,6,0,10
1851,6,0,10
1103,0,0,1
1103,0,0,1
1103,1,0,9
1103,1,0,9
1103,2,0,4
1103,2,0,4
1103,3,0,13
1103,3,0,13
1103,4,0,2
1103,4,0,2
83,0,0,14
83,0,0,14
83,1,0,12
83,1,0,3
83,2,0,13
83,2,0,8
83,3,0,10
83,3,0,11
83,4,0,3
83,4,0,8
83,5,0,8
83,5,0,12
7235,0,0,12
7235,0,0,7
7235,1,0,11
7235,1,0,7
7235,2,0,2
7235,2,0,7
2771,0,0,13
2771,0,0,13
2771,1,0,2
2771,1,0,2
2771,2,0,12
2771,2,0,12
2771,3,0,7
2771,3,0,7
2771,4,0,9
2771,4,0,9
2771,5,0,8
2771,5,0,8
839,0,0,6
839,0,0,6
839,1,0,13
839,1,0,6
839,2,0,2
839,2,0,6
839,3,0,14
839,3,0,6
1117,0,0,9
1117,0,0,12
1117,1,0,6
1117,1,0,3
1116,0,0,1
1116,0,0,5
1443,0,0,3
1443,0,0,13
3689,0,0,2
3689,0,0,6
1120,0,0,1
1120,0,0,14
4034,0,0,13
4034,0,0,7
4034,0,1,13
4034,0,1,7
4034,0,2,13
4034,0,2,8
4034,0,3,13
4034,0,3,9
1308,0,0,14
1308,0,0,6
1308,1,0,4
1308,1,0,13
1308,2,0,9
1308,2,0,2
1308,3,0,13
1308,3,0,12
1308,4,0,6
1308,4,0,3
1308,5,0,1
1308,5,0,7
1328,0,0,14
1328,0,0,6
1328,1,0,4
1328,1,0,13
1328,2,0,9
1328,2,0,2
1328,3,0,13
1328,3,0,12
1328,4,0,6
1328,4,0,3
1328,5,0,1
1328,5,0,7
716,0,0,14
716,0,0,7
716,1,0,14
716,1,0,12
716,2,0,14
716,2,0,7
716,3,0,14
716,3,0,9
716,4,0,1
716,4,0,2
1126,0,0,2
1126,0,0,2
1606,0,0,1
1606,0,0,1
1606,1,0,4
1606,1,0,4
1606,2,0,13
1606,2,0,13
1606,3,0,13
1606,3,0,6
1606,4,0,12
1606,4,0,2
1606,5,0,2
1606,5,0,14
4572,0,0,14
4572,0,0,6
4572,1,0,3
4572,1,0,6
4572,2,0,12
4572,2,0,6
4572,3,0,7
4572,3,0,6
4572,4,0,7
4572,4,0,2
4572,5,0,10
4572,5,0,2
4572,6,0,11
4572,6,0,2
4572,7,0,13
4572,7,0,2
3977,0,0,13
3977,0,0,5
3977,1,0,4
3977,1,0,4
3977,2,0,10
3977,2,0,10
3977,3,0,14
3977,3,0,14
3977,4,0,11
3977,4,0,11
3977,5,0,13
3977,5,0,13
3983,0,0,13
3983,0,0,13
3983,1,0,4
3983,1,0,4
3983,2,0,10
3983,2,0,10
3983,3,0,14
3983,3,0,14
3983,4,0,11
3983,4,0,11
3983,5,0,13
3983,5,0,13
3982,0,0,13
3982,0,0,13
3982,1,0,4
3982,1,0,4
3982,2,0,10
3982,2,0,10
3982,3,0,14
3982,3,0,14
3982,4,0,11
3982,4,0,11
3982,5,0,13
3982,5,0,13
3978,0,0,13
3978,0,0,1
3978,1,0,4
3978,1,0,4
3978,2,0,10
3978,2,0,10
3978,3,0,14
3978,3,0,14
3978,4,0,11
3978,4,0,11
3978,5,0,13
3978,5,0,13
3979,0,0,13
3979,0,0,4
3979,1,0,4
3979,1,0,9
3979,2,0,10
3979,2,0,10
3979,3,0,14
3979,3,0,14
3979,4,0,11
3979,4,0,11
3979,5,0,13
3979,5,0,13
3980,0,0,13
3980,0,0,13
3980,1,0,4
3980,1,0,4
3980,2,0,10
3980,2,0,10
3980,3,0,14
3980,3,0,14
3980,4,0,11
3980,4,0,11
3980,5,0,13
3980,5,0,13
4015,0,0,13
4015,0,0,13
4015,1,0,10
4015,1,0,13
4015,2,0,8
4015,2,0,13
4015,3,0,6
4015,3,0,13
3588,0,0,1
3588,0,0,4
3588,1,0,1
3588,1,0,4
3588,2,0,1
3588,2,0,4
3588,3,0,1
3588,3,0,4
3588,4,0,1
3588,4,0,4
3588,5,0,1
3588,5,0,4
3588,6,0,1
3588,6,0,4
3588,7,0,1
3588,7,0,4
7247,0,0,12
7247,0,0,4
7247,1,0,7
7247,1,0,4
7247,2,0,3
7247,2,0,6
7247,3,0,2
7247,3,0,13
7247,4,0,8
7247,4,0,1
1045,0,0,6
1045,0,0,2
7142,0,0,4
7142,0,0,5
5338,0,0,6
5338,0,0,6
5338,0,1,6
5338,0,1,13
5338,0,2,6
5338,0,2,4
5338,0,3,6
5338,0,3,4
5338,0,4,6
5338,0,4,13
5338,0,5,6
5338,0,5,1
5338,0,6,6
5338,0,6,6
5338,0,7,6
5338,0,7,14
5338,1,0,2
5338,1,0,6
5338,1,1,2
5338,1,1,13
5338,1,2,2
5338,1,2,4
5338,1,3,2
5338,1,3,4
5338,1,4,2
5338,1,4,13
5338,1,5,2
5338,1,5,1
5338,1,6,2
5338,1,6,6
5338,1,7,2
5338,1,7,14
5338,2,0,13
5338,2,0,6
5338,2,1,13
5338,2,1,13
5338,2,2,13
5338,2,2,4
5338,2,3,13
5338,2,3,4
5338,2,4,13
5338,2,4,13
5338,2,5,13
5338,2,5,1
5338,2,6,13
5338,2,6,6
5338,2,7,13
5338,2,7,14
5338,3,0,9
5338,3,0,6
5338,3,1,9
5338,3,1,13
5338,3,2,9
5338,3,2,4
5338,3,3,9
5338,3,3,4
5338,3,4,9
5338,3,4,13
5338,3,5,9
5338,3,5,1
5338,3,6,9
5338,3,6,6
5338,3,7,9
5338,3,7,14
5338,4,0,1
5338,4,0,6
5338,4,1,1
5338,4,1,13
5338,4,2,1
5338,4,2,4
5338,4,3,1
5338,4,3,4
5338,4,4,1
5338,4,4,13
5338,4,5,1
5338,4,5,1
5338,4,6,1
5338,4,6,6
5338,4,7,1
5338,4,7,14
5338,5,0,4
5338,5,0,6
5338,5,1,4
5338,5,1,13
5338,5,2,4
5338,5,2,4
5338,5,3,4
5338,5,3,4
5338,5,4,4
5338,5,4,13
5338,5,5,4
5338,5,5,1
5338,5,6,4
5338,5,6,6
5338,5,7,4
5338,5,7,14
5338,6,0,6
5338,6,0,6
5338,6,1,6
5338,6,1,13
5338,6,2,6
5338,6,2,4
5338,6,3,6
5338,6,3,4
5338,6,4,6
5338,6,4,13
5338,6,5,6
5338,6,5,1
5338,6,6,6
5338,6,6,6
5338,6,7,6
5338,6,7,14
5338,7,0,14
5338,7,0,6
5338,7,1,14
5338,7,1,13
5338,7,2,14
5338,7,2,4
5338,7,3,14
5338,7,3,4
5338,7,4,14
5338,7,4,13
5338,7,5,14
5338,7,5,1
5338,7,6,14
5338,7,6,6
5338,7,7,14
5338,7,7,14
2754,0,0,6
2754,0,0,6
1326,0,0,13
1326,0,0,13
1434,0,0,7
1434,0,0,14
1434,1,0,6
1434,1,0,2
1434,2,0,3
1434,2,0,9
1434,3,0,9
1434,3,0,6
1434,4,0,14
1434,4,0,8
1434,5,0,10
1434,5,0,11
1434,6,0,13
1434,6,0,14
1434,7,0,12
1434,7,0,3
7281,0,0,9
7281,0,0,12
7281,1,0,4
7281,1,0,3
7281,2,0,12
7281,2,0,3
7281,3,0,13
7281,3,0,12
3410,0,0,
3410,0,0,
1143,0,0,2
1143,0,0,1
1143,1,0,7
1143,1,0,1
1143,2,0,6
1143,2,0,6
971,0,0,2
971,0,0,5
971,1,0,13
971,1,0,5
971,2,0,12
971,2,0,5
971,3,0,6
971,3,0,5
1149,0,0,13
1149,0,0,13
3416,0,0,13
3416,0,0,1
3416,1,0,11
3416,1,0,1
3416,2,0,9
3416,2,0,1
3416,3,0,8
3416,3,0,1
3416,4,0,7
3416,4,0,1
3416,5,0,5
3416,5,0,1
3416,6,0,5
3416,6,0,1
3416,7,0,5
3416,7,0,1
2333,0,0,3
2333,0,0,3
2333,1,0,2
2333,1,0,2
8150,0,0,5
8150,0,0,13
1444,0,0,13
1444,0,0,2
7653,0,0,12
7653,0,0,2
7653,1,0,3
7653,1,0,13
7653,2,0,2
7653,2,0,6
8702,0,0,1
8702,0,0,1
1153,0,0,4
1153,0,0,4
4379,0,0,13
4379,0,0,7
4379,1,0,1
4379,1,0,14
4379,2,0,4
4379,2,0,13
4379,3,0,12
4379,3,0,9
4379,4,0,14
4379,4,0,7
4379,5,0,10
4379,5,0,13
4379,6,0,13
4379,6,0,2
2775,0,0,13
2775,0,0,6
546,0,0,2
546,0,0,6
546,1,0,3
546,1,0,6
546,2,0,10
546,2,0,6
3617,0,0,1
3617,0,0,1
3617,0,1,1
3617,0,1,7
3617,0,2,1
3617,0,2,12
3617,0,3,1
3617,0,3,5
3617,0,4,1
3617,0,4,3
3617,1,0,4
3617,1,0,4
3617,1,1,4
3617,1,1,7
3617,1,2,4
3617,1,2,12
3617,1,3,4
3617,1,3,5
3617,1,4,4
3617,1,4,3
3617,2,0,14
3617,2,0,14
3617,2,1,14
3617,2,1,7
3617,2,2,14
3617,2,2,12
3617,2,3,14
3617,2,3,5
3617,2,4,14
3617,2,4,3
3617,3,0,7
3617,3,0,7
3617,3,1,7
3617,3,1,7
3617,3,2,7
3617,3,2,12
3617,3,3,7
3617,3,3,5
3617,3,4,7
3617,3,4,3
3617,4,0,10
3617,4,0,10
3617,4,1,10
3617,4,1,7
3617,4,2,10
3617,4,2,12
3617,4,3,10
3617,4,3,5
3617,4,4,10
3617,4,4,3
3617,5,0,13
3617,5,0,13
3617,5,1,13
3617,5,1,7
3617,5,2,13
3617,5,2,12
3617,5,3,13
3617,5,3,5
3617,5,4,13
3617,5,4,3
3617,6,0,2
3617,6,0,2
3617,6,1,2
3617,6,1,7
3617,6,2,2
3617,6,2,12
3617,6,3,2
3617,6,3,5
3617,6,4,2
3617,6,4,3
3617,7,0,6
3617,7,0,6
3617,7,1,6
3617,7,1,7
3617,7,2,6
3617,7,2,12
3617,7,3,6
3617,7,3,5
3617,7,4,6
3617,7,4,3
3445,0,0,2
3445,0,0,5
3445,0,1,2
3445,0,1,7
3445,0,2,2
3445,0,2,3
3445,0,3,2
3445,0,3,5
3445,1,0,13
3445,1,0,5
3445,1,1,13
3445,1,1,7
3445,1,2,13
3445,1,2,3
3445,1,3,13
3445,1,3,5
3445,2,0,6
3445,2,0,5
3445,2,1,6
3445,2,1,7
3445,2,2,6
3445,2,2,3
3445,2,3,6
3445,2,3,5
3445,3,0,7
3445,3,0,5
3445,3,1,7
3445,3,1,7
3445,3,2,7
3445,3,2,3
3445,3,3,7
3445,3,3,5
1217,0,0,13
1217,0,0,13
693,0,0,7
693,0,0,6
11941,0,0,6
11941,0,0,6
11941,1,0,6
11941,1,0,7
7795,0,0,6
7795,0,0,6
7795,1,0,13
7795,1,0,13
7795,2,0,7
7795,2,0,6
3398,0,0,6
3398,0,0,6
3397,0,0,6
3397,0,0,6
11943,0,0,2
11943,0,0,2
11943,1,0,6
11943,1,0,7
7043,0,0,6
7043,0,0,6
4070,0,0,9
4070,0,0,4
4070,1,0,3
4070,1,0,4
4070,2,0,14
4070,2,0,2
4070,3,0,4
4070,3,0,2
11942,0,0,5
11942,0,0,12
11942,1,0,5
11942,1,0,13
3816,0,0,7
3816,0,0,7
3816,1,0,4
3816,1,0,4
3816,2,0,13
3816,2,0,13
3816,3,0,2
3816,3,0,2
7189,0,0,2
7189,0,0,13
7189,1,0,2
7189,1,0,14
7189,2,0,2
7189,2,0,9
7189,3,0,2
7189,3,0,12
7189,4,0,2
7189,4,0,10
7189,5,0,2
7189,5,0,11
7189,6,0,2
7189,6,0,3
7189,7,0,2
7189,7,0,7
7868,0,0,13
7868,0,0,13
7868,1,0,12
7868,1,0,2
7868,2,0,1
7868,2,0,5
7868,3,0,2
7868,3,0,8
7868,4,0,3
7868,4,0,13
7868,5,0,4
7868,5,0,2
1170,0,0,1
1170,0,0,1
1170,1,0,14
1170,1,0,14
1170,2,0,13
1170,2,0,13
1170,3,0,12
1170,3,0,12
1170,4,0,4
1170,4,0,4
1171,0,0,2
1171,0,0,13
1171,1,0,12
1171,1,0,13
1171,2,0,3
1171,2,0,13
1171,3,0,14
1171,3,0,13
1171,4,0,6
1171,4,0,13
1171,5,0,4
1171,5,0,13
3616,0,0,13
3616,0,0,2
3616,1,0,12
3616,1,0,2
3616,2,0,3
3616,2,0,2
3616,3,0,14
3616,3,0,2
3616,4,0,2
3616,4,0,2
3616,5,0,4
3616,5,0,2
3616,6,0,1
3616,6,0,2
3616,7,0,13
3616,7,0,2
1779,0,0,13
1779,0,0,13
1779,0,1,4
1779,0,1,4
1779,0,2,2
1779,0,2,2
1779,0,3,12
1779,0,3,12
1779,0,4,10
1779,0,4,10
1779,0,5,14
1779,0,5,14
1779,0,6,7
1779,0,6,7
1779,0,7,8
1779,0,7,8
730,0,0,6
730,0,0,6
676,0,0,6
676,0,0,6
676,1,0,13
676,1,0,13
676,2,0,6
676,2,0,7
2776,0,0,13
2776,0,0,13
2776,1,0,14
2776,1,0,14
2776,2,0,10
2776,2,0,10
2776,3,0,8
2776,3,0,8
2776,4,0,2
2776,4,0,2
7391,0,0,4
7391,0,0,7
7391,1,0,14
7391,1,0,7
7391,2,0,2
7391,2,0,7
7391,3,0,13
7391,3,0,7
5961,0,0,13
5961,0,0,14
739,0,0,4
739,0,0,4
739,1,0,4
739,1,0,4
739,2,0,9
739,2,0,9
739,3,0,14
739,3,0,14
739,4,0,4
739,4,0,4
1507,0,0,5
1507,0,0,5
1507,1,0,5
1507,1,0,14
1507,2,0,5
1507,2,0,13
1507,3,0,2
1507,3,0,12
1186,0,0,13
1186,0,0,2
1181,0,0,7
1181,0,0,12
3415,0,0,1
3415,0,0,1
5337,0,0,3
5337,0,0,13
5337,1,0,10
5337,1,0,13
5337,2,0,8
5337,2,0,13
5337,3,0,14
5337,3,0,13
4763,0,0,14
4763,0,0,7
4760,0,0,12
4760,0,0,12
4760,1,0,3
4760,1,0,3
4760,2,0,7
4760,2,0,7
4760,3,0,2
4760,3,0,9
4760,4,0,2
4760,4,0,14
4760,5,0,13
4760,5,0,3
4760,6,0,13
4760,6,0,12
4760,7,0,13
4760,7,0,2
4758,0,0,9
4758,0,0,9
4758,1,0,4
4758,1,0,4
4758,2,0,12
4758,2,0,13
4758,3,0,3
4758,3,0,13
4758,4,0,7
4758,4,0,12
4758,5,0,13
4758,5,0,2
4759,0,0,12
4759,0,0,2
4759,1,0,3
4759,1,0,2
4759,2,0,14
4759,2,0,2
4759,3,0,10
4759,3,0,2
4759,4,0,7
4759,4,0,2
4759,5,0,13
4759,5,0,2
4759,6,0,2
4759,6,0,13
4761,0,0,6
4761,0,0,9
4761,1,0,14
4761,1,0,8
4761,2,0,12
4761,2,0,3
4761,3,0,7
4761,3,0,12
4761,4,0,3
4761,4,0,12
4761,5,0,2
4761,5,0,12
343,0,0,4
343,0,0,1
5635,0,0,9
5635,0,0,9
5635,1,0,12
5635,1,0,13
5635,2,0,8
5635,2,0,5
5635,3,0,2
5635,3,0,7
5635,4,0,4
5635,4,0,1
5635,5,0,7
5635,5,0,13
1189,0,0,2
1189,0,0,2
1189,1,0,7
1189,1,0,4
1189,2,0,5
1189,2,0,5
1189,3,0,2
1189,3,0,1
2329,0,0,2
2329,0,0,2
2329,1,0,12
2329,1,0,12
2329,2,0,14
2329,2,0,14
2329,3,0,7
2329,3,0,7
2329,4,0,3
2329,4,0,3
2329,5,0,13
2329,5,0,13
1929,0,0,13
1929,0,0,13
1929,1,0,9
1929,1,0,13
1929,2,0,4
1929,2,0,13
4072,0,0,2
4072,0,0,13
4072,1,0,12
4072,1,0,8
7528,0,0,12
7528,0,0,2
7528,1,0,9
7528,1,0,2
7528,2,0,14
7528,2,0,2
7528,3,0,7
7528,3,0,2
7528,4,0,3
7528,4,0,2
7528,5,0,10
7528,5,0,2
7528,6,0,2
7528,6,0,2
7528,7,0,6
7528,7,0,2
7525,0,0,13
7525,0,0,5
7525,1,0,7
7525,1,0,5
7525,2,0,3
7525,2,0,5
7525,3,0,2
7525,3,0,5
3078,0,0,7
3078,0,0,7
3078,1,0,3
3078,1,0,3
3078,2,0,13
3078,2,0,13
3078,3,0,6
3078,3,0,6
3078,4,0,2
3078,4,0,2
700,0,0,1
700,0,0,1
85,0,0,7
85,0,0,4
85,1,0,7
85,1,0,4
85,2,0,9
85,2,0,4
85,3,0,13
85,3,0,4
290,0,0,2
290,0,0,6
290,1,0,12
290,1,0,2
290,2,0,3
290,2,0,2
290,3,0,13
290,3,0,2
533,0,0,7
533,0,0,4
533,1,0,10
533,1,0,4
533,2,0,7
533,2,0,4
533,3,0,9
533,3,0,4
533,4,0,13
533,4,0,4
6081,0,0,4
6081,0,0,5
6081,1,0,13
6081,1,0,5
6080,0,0,4
6080,0,0,5
6080,1,0,13
6080,1,0,5
1199,0,0,9
1199,0,0,12
1199,1,0,12
1199,1,0,10
1199,2,0,3
1199,2,0,7
1199,3,0,7
1199,3,0,14
1199,4,0,13
1199,4,0,2
7261,0,0,4
7261,0,0,5
7231,0,0,12
7231,0,0,7
7231,1,0,13
7231,1,0,7
7231,2,0,14
7231,2,0,7
1412,0,0,2
1412,0,0,2
1412,1,0,13
1412,1,0,2
833,0,0,6
833,0,0,6
833,0,1,6
833,0,1,2
833,0,2,6
833,0,2,10
833,0,3,6
833,0,3,5
833,0,4,6
833,0,4,10
833,1,0,13
833,1,0,13
833,1,1,13
833,1,1,2
833,1,2,13
833,1,2,10
833,1,3,13
833,1,3,5
833,1,4,13
833,1,4,10
833,2,0,2
833,2,0,2
833,2,1,2
833,2,1,2
833,2,2,2
833,2,2,10
833,2,3,2
833,2,3,5
833,2,4,2
833,2,4,10
833,3,0,12
833,3,0,12
833,3,1,12
833,3,1,2
833,3,2,12
833,3,2,10
833,3,3,12
833,3,3,5
833,3,4,12
833,3,4,10
833,4,0,3
833,4,0,3
833,4,1,3
833,4,1,2
833,4,2,3
833,4,2,10
833,4,3,3
833,4,3,5
833,4,4,3
833,4,4,10
833,5,0,7
833,5,0,7
833,5,1,7
833,5,1,2
833,5,2,7
833,5,2,10
833,5,3,7
833,5,3,5
833,5,4,7
833,5,4,10
833,6,0,14
833,6,0,14
833,6,1,14
833,6,1,2
833,6,2,14
833,6,2,10
833,6,3,14
833,6,3,5
833,6,4,14
833,6,4,10
1081,0,0,2
1081,0,0,13
1081,1,0,13
1081,1,0,2
1081,2,0,4
1081,2,0,13
1081,3,0,1
1081,3,0,13
908,0,0,6
908,0,0,2
908,1,0,13
908,1,0,2
908,2,0,2
908,2,0,2
908,3,0,12
908,3,0,2
908,4,0,9
908,4,0,2
908,5,0,7
908,5,0,2
908,6,0,10
908,6,0,2
9619,0,0,6
9619,0,0,6
9619,1,0,6
9619,1,0,6
4026,0,0,6
4026,0,0,6
907,0,0,12
907,0,0,6
907,1,0,14
907,1,0,2
907,2,0,7
907,2,0,7
907,3,0,6
907,3,0,6
907,4,0,2
907,4,0,2
8465,0,0,12
8465,0,0,14
1221,0,0,2
1221,0,0,2
1221,1,0,6
1221,1,0,13
1221,2,0,12
1221,2,0,12
4445,0,0,1
4445,0,0,7
4445,0,1,1
4445,0,1,2
4445,0,2,1
4445,0,2,13
4445,0,3,1
4445,0,3,4
4445,1,0,6
4445,1,0,7
4445,1,1,6
4445,1,1,2
4445,1,2,6
4445,1,2,13
4445,1,3,6
4445,1,3,4
4445,2,0,4
4445,2,0,7
4445,2,1,4
4445,2,1,2
4445,2,2,4
4445,2,2,13
4445,2,3,4
4445,2,3,4
4445,3,0,2
4445,3,0,7
4445,3,1,2
4445,3,1,2
4445,3,2,2
4445,3,2,13
4445,3,3,2
4445,3,3,4
5955,0,0,13
5955,0,0,14
1232,0,0,13
1232,0,0,3
1232,1,0,2
1232,1,0,3
2326,0,0,7
2326,0,0,6
2326,1,0,2
2326,1,0,1
2326,2,0,13
2326,2,0,6
2326,3,0,4
2326,3,0,6
665,0,0,6
665,0,0,6
12402,0,0,13
12402,0,0,8
12402,1,0,13
12402,1,0,4
12402,2,0,7
12402,2,0,14
12401,0,0,13
12401,0,0,10
12401,1,0,4
12401,1,0,4
12401,2,0,14
12401,2,0,14
12405,0,0,13
12405,0,0,10
12405,1,0,4
12405,1,0,1
12405,2,0,14
12405,2,0,7
12411,0,0,10
12411,0,0,13
12411,1,0,13
12411,1,0,14
12411,2,0,14
12411,2,0,4
12404,0,0,10
12404,0,0,13
12404,1,0,1
12404,1,0,13
12404,2,0,7
12404,2,0,13
12409,0,0,13
12409,0,0,6
12409,1,0,4
12409,1,0,14
12409,2,0,14
12409,2,0,2
12406,0,0,10
12406,0,0,13
12406,1,0,13
12406,1,0,1
12406,2,0,7
12406,2,0,14
12410,0,0,10
12410,0,0,10
12410,0,1,10
12410,0,1,13
12410,1,0,4
12410,1,0,10
12410,1,1,4
12410,1,1,13
12410,2,0,14
12410,2,0,10
12410,2,1,14
12410,2,1,13
1452,0,0,2
1452,0,0,6
3446,0,0,13
3446,0,0,11
3446,1,0,6
3446,1,0,9
3446,2,0,2
3446,2,0,12
3446,3,0,4
3446,3,0,14
3446,4,0,7
3446,4,0,14
3444,0,0,2
3444,0,0,3
3444,0,1,2
3444,0,1,12
3444,0,2,2
3444,0,2,7
3444,0,3,2
3444,0,3,1
3444,0,4,2
3444,0,4,5
1840,0,0,13
1840,0,0,13
1840,1,0,2
1840,1,0,2
4116,0,0,13
4116,0,0,6
4116,1,0,13
4116,1,0,6
4116,2,0,13
4116,2,0,6
4116,3,0,13
4116,3,0,6
4116,4,0,13
4116,4,0,6
4116,5,0,13
4116,5,0,6
4116,6,0,13
4116,6,0,6
5972,0,0,4
5972,0,0,1
5972,1,0,9
5972,1,0,1
5972,2,0,1
5972,2,0,1
5972,3,0,13
5972,3,0,1
7379,0,0,13
7379,0,0,3
7379,1,0,13
7379,1,0,12
4117,0,0,2
4117,0,0,2
4125,0,0,14
4125,0,0,5
4125,1,0,9
4125,1,0,5
4125,2,0,4
4125,2,0,5
4125,3,0,13
4125,3,0,5
880,0,0,4
880,0,0,2
1913,0,0,14
1913,0,0,14
1913,1,0,1
1913,1,0,1
1913,2,0,9
1913,2,0,9
1913,3,0,4
1913,3,0,4
1913,4,0,2
1913,4,0,2
1913,5,0,7
1913,5,0,7
1913,6,0,3
1913,6,0,3
1913,7,0,10
1913,7,0,10
2560,0,0,14
2560,0,0,14
2560,1,0,1
2560,1,0,1
2560,2,0,9
2560,2,0,9
2560,3,0,4
2560,3,0,4
2560,4,0,2
2560,4,0,2
2560,5,0,7
2560,5,0,7
2560,6,0,3
2560,6,0,3
2560,7,0,10
2560,7,0,10
7132,0,0,1
7132,0,0,9
7132,0,1,1
7132,0,1,10
7132,0,2,1
7132,0,2,8
7132,0,3,1
7132,0,3,7
7132,1,0,13
7132,1,0,9
7132,1,1,13
7132,1,1,10
7132,1,2,13
7132,1,2,8
7132,1,3,13
7132,1,3,7
7132,2,0,9
7132,2,0,9
7132,2,1,9
7132,2,1,10
7132,2,2,9
7132,2,2,8
7132,2,3,9
7132,2,3,7
7132,3,0,4
7132,3,0,9
7132,3,1,4
7132,3,1,10
7132,3,2,4
7132,3,2,8
7132,3,3,4
7132,3,3,7
7132,4,0,2
7132,4,0,9
7132,4,1,2
7132,4,1,10
7132,4,2,2
7132,4,2,8
7132,4,3,2
7132,4,3,7
7132,5,0,7
7132,5,0,9
7132,5,1,7
7132,5,1,10
7132,5,2,7
7132,5,2,8
7132,5,3,7
7132,5,3,7
7132,6,0,3
7132,6,0,9
7132,6,1,3
7132,6,1,10
7132,6,2,3
7132,6,2,8
7132,6,3,3
7132,6,3,7
7132,7,0,10
7132,7,0,9
7132,7,1,10
7132,7,1,10
7132,7,2,10
7132,7,2,8
7132,7,3,10
7132,7,3,7
3438,0,0,14
3438,0,0,5
3438,1,0,1
3438,1,0,5
3438,2,0,9
3438,2,0,5
3438,3,0,4
3438,3,0,5
3438,4,0,2
3438,4,0,5
3438,5,0,7
3438,5,0,5
3438,6,0,3
3438,6,0,5
3438,7,0,10
3438,7,0,5
7137,0,0,14
7137,0,0,14
7137,1,0,1
7137,1,0,1
7137,2,0,9
7137,2,0,9
7137,3,0,4
7137,3,0,4
7137,4,0,2
7137,4,0,2
7137,5,0,7
7137,5,0,7
7137,6,0,3
7137,6,0,3
7137,7,0,10
7137,7,0,10
7134,0,0,14
7134,0,0,14
7134,1,0,1
7134,1,0,1
7134,2,0,9
7134,2,0,9
7134,3,0,4
7134,3,0,4
7134,4,0,2
7134,4,0,2
7134,5,0,7
7134,5,0,7
7134,6,0,3
7134,6,0,3
7134,7,0,10
7134,7,0,10
7133,0,0,1
7133,0,0,1
7133,0,1,1
7133,0,1,9
7133,0,2,1
7133,0,2,10
7133,0,3,1
7133,0,3,3
7133,0,4,1
7133,0,4,7
7133,1,0,13
7133,1,0,13
7133,1,1,13
7133,1,1,9
7133,1,2,13
7133,1,2,10
7133,1,3,13
7133,1,3,3
7133,1,4,13
7133,1,4,7
7133,2,0,9
7133,2,0,9
7133,2,1,9
7133,2,1,9
7133,2,2,9
7133,2,2,10
7133,2,3,9
7133,2,3,3
7133,2,4,9
7133,2,4,7
7133,3,0,4
7133,3,0,4
7133,3,1,4
7133,3,1,9
7133,3,2,4
7133,3,2,10
7133,3,3,4
7133,3,3,3
7133,3,4,4
7133,3,4,7
7133,4,0,2
7133,4,0,2
7133,4,1,2
7133,4,1,9
7133,4,2,2
7133,4,2,10
7133,4,3,2
7133,4,3,3
7133,4,4,2
7133,4,4,7
7133,5,0,7
7133,5,0,7
7133,5,1,7
7133,5,1,9
7133,5,2,7
7133,5,2,10
7133,5,3,7
7133,5,3,3
7133,5,4,7
7133,5,4,7
7133,6,0,3
7133,6,0,3
7133,6,1,3
7133,6,1,9
7133,6,2,3
7133,6,2,10
7133,6,3,3
7133,6,3,3
7133,6,4,3
7133,6,4,7
7133,7,0,10
7133,7,0,10
7133,7,1,10
7133,7,1,9
7133,7,2,10
7133,7,2,10
7133,7,3,10
7133,7,3,3
7133,7,4,10
7133,7,4,7
2605,0,0,1
2605,0,0,9
2605,0,1,1
2605,0,1,10
2605,0,2,1
2605,0,2,8
2605,0,3,1
2605,0,3,7
2605,1,0,13
2605,1,0,9
2605,1,1,13
2605,1,1,10
2605,1,2,13
2605,1,2,8
2605,1,3,13
2605,1,3,7
2605,2,0,9
2605,2,0,9
2605,2,1,9
2605,2,1,10
2605,2,2,9
2605,2,2,8
2605,2,3,9
2605,2,3,7
2605,3,0,4
2605,3,0,9
2605,3,1,4
2605,3,1,10
2605,3,2,4
2605,3,2,8
2605,3,3,4
2605,3,3,7
2605,4,0,2
2605,4,0,9
2605,4,1,2
2605,4,1,10
2605,4,2,2
2605,4,2,8
2605,4,3,2
2605,4,3,7
2605,5,0,7
2605,5,0,9
2605,5,1,7
2605,5,1,10
2605,5,2,7
2605,5,2,8
2605,5,3,7
2605,5,3,7
2605,6,0,3
2605,6,0,9
2605,6,1,3
2605,6,1,10
2605,6,2,3
2605,6,2,8
2605,6,3,3
2605,6,3,7
2605,7,0,10
2605,7,0,9
2605,7,1,10
2605,7,1,10
2605,7,2,10
2605,7,2,8
2605,7,3,10
2605,7,3,7
3449,0,0,1
3449,0,0,1
3449,0,1,1
3449,0,1,9
3449,0,2,1
3449,0,2,10
3449,0,3,1
3449,0,3,8
3449,0,4,1
3449,0,4,7
3449,1,0,13
3449,1,0,13
3449,1,1,13
3449,1,1,9
3449,1,2,13
3449,1,2,10
3449,1,3,13
3449,1,3,8
3449,1,4,13
3449,1,4,7
3449,2,0,9
3449,2,0,9
3449,2,1,9
3449,2,1,9
3449,2,2,9
3449,2,2,10
3449,2,3,9
3449,2,3,8
3449,2,4,9
3449,2,4,7
3449,3,0,4
3449,3,0,4
3449,3,1,4
3449,3,1,9
3449,3,2,4
3449,3,2,10
3449,3,3,4
3449,3,3,8
3449,3,4,4
3449,3,4,7
3449,4,0,2
3449,4,0,2
3449,4,1,2
3449,4,1,9
3449,4,2,2
3449,4,2,10
3449,4,3,2
3449,4,3,8
3449,4,4,2
3449,4,4,7
3449,5,0,7
3449,5,0,7
3449,5,1,7
3449,5,1,9
3449,5,2,7
3449,5,2,10
3449,5,3,7
3449,5,3,8
3449,5,4,7
3449,5,4,7
3449,6,0,3
3449,6,0,3
3449,6,1,3
3449,6,1,9
3449,6,2,3
3449,6,2,10
3449,6,3,3
3449,6,3,8
3449,6,4,3
3449,6,4,7
3449,7,0,10
3449,7,0,10
3449,7,1,10
3449,7,1,9
3449,7,2,10
3449,7,2,10
3449,7,3,10
3449,7,3,8
3449,7,4,10
3449,7,4,7
3439,0,0,1
3439,0,0,1
3439,0,1,1
3439,0,1,9
3439,0,2,1
3439,0,2,10
3439,0,3,1
3439,0,3,8
3439,0,4,1
3439,0,4,7
3439,1,0,13
3439,1,0,13
3439,1,1,13
3439,1,1,9
3439,1,2,13
3439,1,2,10
3439,1,3,13
3439,1,3,8
3439,1,4,13
3439,1,4,7
3439,2,0,9
3439,2,0,9
3439,2,1,9
3439,2,1,9
3439,2,2,9
3439,2,2,10
3439,2,3,9
3439,2,3,8
3439,2,4,9
3439,2,4,7
3439,3,0,4
3439,3,0,4
3439,3,1,4
3439,3,1,9
3439,3,2,4
3439,3,2,10
3439,3,3,4
3439,3,3,8
3439,3,4,4
3439,3,4,7
3439,4,0,2
3439,4,0,2
3439,4,1,2
3439,4,1,9
3439,4,2,2
3439,4,2,10
3439,4,3,2
3439,4,3,8
3439,4,4,2
3439,4,4,7
3439,5,0,7
3439,5,0,7
3439,5,1,7
3439,5,1,9
3439,5,2,7
3439,5,2,10
3439,5,3,7
3439,5,3,8
3439,5,4,7
3439,5,4,7
3439,6,0,3
3439,6,0,3
3439,6,1,3
3439,6,1,9
3439,6,2,3
3439,6,2,10
3439,6,3,3
3439,6,3,8
3439,6,4,3
3439,6,4,7
3439,7,0,10
3439,7,0,10
3439,7,1,10
3439,7,1,9
3439,7,2,10
3439,7,2,10
3439,7,3,10
3439,7,3,3
3439,7,4,10
3439,7,4,7
3436,0,0,14
3436,0,0,14
3436,1,0,1
3436,1,0,1
3436,2,0,9
3436,2,0,9
3436,3,0,4
3436,3,0,4
3436,4,0,2
3436,4,0,2
3436,5,0,7
3436,5,0,7
3436,6,0,3
3436,6,0,3
3436,7,0,10
3436,7,0,10
3490,0,0,1
3490,0,0,1
3490,1,0,14
3490,1,0,14
3490,2,0,9
3490,2,0,9
3490,3,0,4
3490,3,0,4
3490,4,0,2
3490,4,0,2
3490,5,0,13
3490,5,0,13
1557,0,0,13
1557,0,0,1
1557,1,0,4
1557,1,0,2
1557,2,0,3
1557,2,0,5
1557,3,0,10
1557,3,0,5
1557,4,0,14
1557,4,0,5
1559,0,0,1
1559,0,0,1
1559,1,0,2
1559,1,0,4
1559,2,0,14
1559,2,0,5
1559,3,0,8
1559,3,0,5
1559,4,0,3
1559,4,0,5
1558,0,0,1
1558,0,0,4
1558,1,0,4
1558,1,0,14
1558,2,0,14
1558,2,0,5
1558,3,0,10
1558,3,0,5
1558,4,0,3
1558,4,0,5
2558,0,0,1
2558,0,0,1
2558,1,0,4
2558,1,0,2
2558,2,0,12
2558,2,0,5
2558,3,0,10
2558,3,0,5
2558,4,0,14
2558,4,0,5
1561,0,0,1
1561,0,0,1
1561,1,0,4
1561,1,0,2
1561,2,0,7
1561,2,0,5
1561,3,0,8
1561,3,0,5
1561,4,0,12
1561,4,0,5
3205,0,0,1
3205,0,0,1
3205,1,0,4
3205,1,0,14
3205,2,0,14
3205,2,0,5
3205,3,0,14
3205,3,0,5
3205,4,0,3
3205,4,0,5
5543,0,0,4
5543,0,0,4
5543,1,0,1
5543,1,0,1
5543,2,0,12
5543,2,0,12
5543,3,0,8
5543,3,0,8
5543,4,0,14
5543,4,0,14
1565,0,0,1
1565,0,0,1
1565,1,0,4
1565,1,0,2
1565,2,0,7
1565,2,0,5
1565,3,0,10
1565,3,0,5
1565,4,0,12
1565,4,0,5
3702,0,0,1
3702,0,0,14
3702,0,1,1
3702,0,1,3
3702,0,2,1
3702,0,2,10
3702,1,0,14
3702,1,0,14
3702,1,1,14
3702,1,1,3
3702,1,2,14
3702,1,2,10
3702,2,0,4
3702,2,0,14
3702,2,1,4
3702,2,1,3
3702,2,2,4
3702,2,2,10
3702,3,0,13
3702,3,0,14
3702,3,1,13
3702,3,1,3
3702,3,2,13
3702,3,2,10
3701,0,0,1
3701,0,0,1
3701,1,0,14
3701,1,0,14
3701,2,0,4
3701,2,0,4
3701,3,0,13
3701,3,0,13
4270,0,0,14
4270,0,0,14
4132,0,0,13
4132,0,0,7
4132,1,0,4
4132,1,0,7
4132,2,0,7
4132,2,0,7
4132,3,0,3
4132,3,0,7
4132,4,0,2
4132,4,0,7
7047,0,0,3
7047,0,0,3
7047,0,1,3
7047,0,1,8
7047,0,2,12
7047,0,2,10
7047,0,3,7
7047,0,3,7
7047,0,4,8
7047,0,4,5
7047,0,5,12
7047,0,5,12
7047,0,6,14
7047,0,6,11
7317,0,0,6
7317,0,0,6
7317,1,0,6
7317,1,0,6
7317,2,0,2
7317,2,0,2
7317,3,0,4
7317,3,0,4
7317,4,0,7
7317,4,0,6
